Grocery_Name,MRP_Price,Discount_Price,Quantity,brand_name,price_per_unit,Total Disc,Percetage Disc
Britannia Good Day Cashew Cookies : 600 gms,135.0,99.0,600 gm,Britannia,0.17,36.0,26.67
Parle Hide & Seek Chocolate Chip Cookies : 350 gms,150.0,99.0,350 gm,Parle,0.28,51.0,34.0
Karachi's Fruit Biscuits : 400 gms,170.0,125.0,400 gm,Karachi's,0.31,45.0,26.47
Parle Nutricrunch Digestive Cookies : 1 kg,270.0,135.0,1 kg,Parle,135.0,135.0,50.0
Sunfeast Dark Fantasy Yumfills Cake : 242 gms,170.0,78.0,242 gm,Sunfeast,0.32,92.0,54.12
Sunfeast Mom's Magic Cashew & Almond : 584 gms,130.0,86.0,584 gm,Sunfeast,0.15,44.0,33.85
Britannia Little Hearts Classic : 75 gms,30.0,22.0,75 gm,Britannia,0.29,8.0,26.67
Britannia Nice Time Coconut Biscuits : 143 gms,25.0,23.0,143 gm,Britannia,0.16,2.0,8.0
Britannia Good Day Chocochip Cookies : 400 gms,140.0,74.0,400 gm,Britannia,0.18,66.0,47.14
Unibic Cashew Badam Cookies : 500 gms,150.0,75.0,500 gm,Unibic,0.15,75.0,50.0
Malkist Cheese Flavoured Crunchy Layered Crackers : 138 gms,60.0,40.0,138 gm,Malkist,0.29,20.0,33.33
Unibic Choco Chip Cookies : 500 gms,200.0,100.0,500 gm,Unibic,0.2,100.0,50.0
Unibic Fruit & Nut Cookies : 500 gms,190.0,95.0,500 gm,Unibic,0.19,95.0,50.0
Britannia NutriChoice Sugar Free Cracker Biscuits : 300 gms,50.0,45.0,300 gm,Britannia,0.15,5.0,10.0
Parle 20-20 Gold Cashew Almond Cookies : 600 gms,160.0,80.0,600 gm,Parle,0.13,80.0,50.0
Unibic Choco Kiss Cookies : 250 gms,160.0,80.0,250 gm,Unibic,0.32,80.0,50.0
Britannia Tiger Krunch Chocochips Biscuits : 4x100 gms,140.0,70.0,4X100 gm,Britannia,0.32,70.0,50.0
Unibic Snappers Potato Crackers - Cream N' Onion : 300 gms,150.0,75.0,300 gm,Unibic,0.25,75.0,50.0
Unibic Snappers Potato Crackers - Indi Spice : 300 gms,150.0,75.0,300 gm,Unibic,0.25,75.0,50.0
Malkist Chocolate Flavoured Crunchy Layered Crackers : 138 gms,60.0,45.0,138 gm,Malkist,0.33,15.0,25.0
Unibic Choco Nut Cookies : 500 gms,190.0,95.0,500 gm,Unibic,0.19,95.0,50.0
Unibic Danish Coconut Cookies : 300 gms,150.0,75.0,300 gm,Unibic,0.25,75.0,50.0
Cadbury Chocobakes Choco Chip Cookies : 167 gms,80.0,59.0,167 gm,Cadbury,0.35,21.0,26.25
McVitie's Ginger Cookies : 120 gms,50.0,25.0,120 gm,McVitie's,0.21,25.0,50.0
Sunfeast Nice Sugar Sprinkled Biscuits : 142.8 gms,25.0,23.0,142.8 gm,Sunfeast,0.16,2.0,8.0
Lotus Biscoff Biscuit : 250 gms,299.0,240.0,250 gm,Lotus,0.96,59.0,19.73
Sunfeast Dark Fantasy Choco Chip Cookies : 350 gms,140.0,110.0,350 gm,Sunfeast,0.31,30.0,21.43
Munchy's Cream Crackers : 300 gms,210.0,179.0,300 gm,Munchy's,0.6,31.0,14.76
Munchy's Vege Crackers : 300 gms,210.0,165.0,300 gm,Munchy's,0.55,45.0,21.43
Lotte Choco Pie Real Orange : 12x28 gms,180.0,90.0,12x28 gm,Lotte,0.55,90.0,50.0
Britannia Good Day Cashew Cookies : 52.5 gms,10.0,9.0,52.5 gm,Britannia,0.17,1.0,10.0
Malkist Sugar Crackers : 105 gms,50.0,40.0,105 gm,Malkist,0.38,10.0,20.0
Malkist Cappuccino Flavoured Crunchy Layered Crackers : 144 gms,60.0,45.0,144 gm,Malkist,0.31,15.0,25.0
Orion Choco Pie : 6 x 28 gms,90.0,64.0,6 x 28 gm,Orion,0.31,26.0,28.89
Parle 20-20 Cashew Cookies : 150 gms,35.0,33.0,150 gm,Parle,0.28,2.0,5.71
Britannia Good Day Harmony Biscuit: 110 gms,30.0,15.0,110 gm,Britannia,0.14,15.0,50.0
Munchy's Wheat Crackers : 276 gms,210.0,165.0,276 gm,Munchy's,0.6,45.0,21.43
Cookie Man Sugar Free Multigrain Protein Cookies : 200 gms,349.0,279.0,200 gm,Cookie,1.4,70.0,20.06
Orion O'Rice Cracker : 14x10.8 gms,165.0,130.0,14x10.8 gm,Orion,1.4,35.0,21.21
Cookie Man Millet Jaggery Cookies : 200 gms,249.0,199.0,200 gm,Cookie,0.99,50.0,20.08
Open Secret Un-Junked Chocolate Biscuits : 35 gms,20.0,10.0,35 gm,Open,0.29,10.0,50.0
Open Secret Un-Junked Jeera Biscuits : 35 gms,20.0,10.0,35 gm,Open,0.29,10.0,50.0
White Castle Butter Cookies : 400 gms,385.0,327.0,400 gm,White,0.82,58.0,15.06
Open Secret Un-Junked Butter Biscuits : 35 gms,20.0,10.0,35 gm,Open,0.29,10.0,50.0
Munchy's Sugar Crackers : 300 gms,210.0,185.0,300 gm,Munchy's,0.62,25.0,11.9
Orion Real Strawberry Chocopie : 6 x 28 gms,90.0,72.0,6 x 28 gm,Orion,0.62,18.0,20.0
Cookie Man Choco Chip Cookies Red Canister : 200 gms,240.0,192.0,200 gm,Cookie,0.96,48.0,20.0
Parle-G Original Gluco Biscuits : 800 gms,100.0,82.0,800 gm,Parle-G,0.1,18.0,18.0
Parle-G Gold Biscuits : 1 kg,140.0,105.0,1 kg,Parle-G,105.0,35.0,25.0
Patanjali Doodh Biscuits : 800 gms,125.0,89.0,800 gm,Patanjali,0.11,36.0,28.8
Britannia Milk Bikis Biscuits : 170.5 gms,25.0,23.0,170.5 gm,Britannia,0.13,2.0,8.0
Patanjali Doodh Biscuits : 70 gms,10.0,9.0,70 gm,Patanjali,0.13,1.0,10.0
Parle Milk Shakti Biscuits : 60 gms,10.0,9.0,60 gm,Parle,0.15,1.0,10.0
Britannia Marie Gold Biscuits : 950 gms,140.0,98.0,950 gm,Britannia,0.1,42.0,30.0
Britannia Vita Marie Gold Biscuits : 900 gms,155.0,125.0,900 gm,Britannia,0.14,30.0,19.35
Sunfeast Marie Light Biscuit : 1 kg,150.0,99.0,1 kg,Sunfeast,99.0,51.0,34.0
Parle Marie Biscuits : 800 gms,175.0,85.0,800 gm,Parle,0.11,90.0,51.43
McVitie's Wholewheat Marie Biscuits : 195 gms,40.0,20.0,195 gm,McVitie's,0.1,20.0,50.0
Britannia Marie Gold Biscuits : 68 gms,10.0,9.0,68 gm,Britannia,0.13,1.0,10.0
Parle Monaco Classic Regular Biscuit : 700 gms,120.0,80.0,700 gm,Parle,0.11,40.0,33.33
Parle Krackjack Biscuits : 700 gms,120.0,80.0,700 gm,Parle,0.11,40.0,33.33
Britannia 50-50 Maska Chaska Biscuits : 300 gms,90.0,60.0,300 gm,Britannia,0.2,30.0,33.33
Parle Monaco Cheeslings Classic : 300 gms,140.0,93.0,300 gm,Parle,0.31,47.0,33.57
Parle Monaco Classic : 52.2 gms,10.0,9.0,52.2 gm,Parle,0.31,1.0,10.0
Lotte Choco Pie : 504 gms,220.0,139.0,504 gm,Lotte,0.28,81.0,36.82
Sunfeast Dark Fantasy Choco Fills Cookies : 300 gms,170.0,99.0,300 gm,Sunfeast,0.33,71.0,41.76
Britannia Jim Jam Cream Biscuits : 138 gms,35.0,24.0,138 gm,Britannia,0.17,11.0,31.43
Britannia Bourbon Sandwich Flavoured  Biscuits : 500 gms,100.0,65.0,500 gm,Britannia,0.13,35.0,35.0
Bisky Bites Bourbon Sandwich Biscuits : 150 gms,36.0,23.0,150 gm,Bisky,0.15,13.0,36.11
Cadbury Oreo Vanilla Flavour Crème Sandwich Biscuit : 288.75 gms,99.0,69.0,288.75 gm,Cadbury,0.24,30.0,30.3
Bisky Bites Vanilla Magic Sandwich Biscuits : 300 gms,85.0,51.0,300 gm,Bisky,0.17,34.0,40.0
Sunfeast Dark Fantasy Bourbon Biscuits : 120 gms,35.0,17.0,120 gm,Sunfeast,0.14,18.0,51.43
Cadbury Oreo Chocolate Flavour Creme Sandwich Biscuit : 288.75 gms,99.0,66.0,288.75 gm,Cadbury,0.23,33.0,33.33
Bisky Bites Chocolate Blast Sandwich Biscuits : 300 gms,85.0,51.0,300 gm,Bisky,0.17,34.0,40.0
Sunfeast Dark Fantasy Choco Creme Biscuits : 92.5 gms,35.0,17.0,92.5 gm,Sunfeast,0.18,18.0,51.43
Sunfeast Dark Fantasy Vanilla Creme Biscuits : 92.5 gms,35.0,17.0,92.5 gm,Sunfeast,0.18,18.0,51.43
Cadbury Oreo Chocolate Crème Cream Sandwich Biscuit : 481.25 gms,159.0,99.0,481.25 gm,Cadbury,0.21,60.0,37.74
Cadbury Bournvita Biscuits : 400 gms,120.0,90.0,400 gm,Cadbury,0.23,30.0,25.0
Cadbury Chocobakes Choco Filled Cookies : 300 gms,170.0,99.0,300 gm,Cadbury,0.33,71.0,41.76
Dukes Bourbon Biscuits : 135 gms,36.0,18.0,135 gm,Dukes,0.13,18.0,50.0
Bisky Bites Bourbon Sandwich Biscuits : 500 gms,105.0,63.0,500 gm,Bisky,0.13,42.0,40.0
Parle Hide & Seek Choco Rolls : 250 gms,170.0,85.0,250 gm,Parle,0.34,85.0,50.0
Cadbury Oreo Strawberry Flavour Crème Sandwich Biscuit : 113.75 gms,35.0,30.0,113.75 gm,Cadbury,0.26,5.0,14.29
Britannia Treat Jimjam Naughty Jam Biscuits : 57 gms,10.0,9.0,57 gm,Britannia,0.16,1.0,10.0
Britannia Pure Magic Chocolush Cookies : 75 gms,40.0,32.0,75 gm,Britannia,0.43,8.0,20.0
Bellie Cheese Cream Sandwich Biscuit : 190 gms,210.0,169.0,190 gm,Bellie,0.89,41.0,19.52
Bisky Bites Vanilla Magic Sandwich Biscuits : 500 gms,135.0,82.0,500 gm,Bisky,0.16,53.0,39.26
Meiji Hello Panda Vanilla Cream Biscuits : 42 gms,185.0,154.0,42 gm,Meiji,3.67,31.0,16.76
Meiji Hello Panda Cookies & Cream Biscuits : 42 gms,140.0,119.0,42 gm,Meiji,2.83,21.0,15.0
Bisky Bites Choco Blast Sandwich Biscuits : 500 gms,135.0,82.0,500 gm,Bisky,0.16,53.0,39.26
Cadbury Oreo Original Creme Sandwich Biscuit : 43.75 gms,10.0,9.0,43.75 gm,Cadbury,0.21,1.0,10.0
Cadbury Oreo Strawberry Flavour Creme Sandwich Biscuit : 43.75 gms,10.0,9.0,43.75 gm,Cadbury,0.21,1.0,10.0
Oreo Choco Creme Sandwich Biscuits : 43.75 gms,10.0,9.0,43.75 gm,Oreo,0.21,1.0,10.0
Britannia Pure Magic Chocolush : 300 gms,170.0,115.0,300 gm,Britannia,0.38,55.0,32.35
Cadbury Oreo Moments Gift Pack : 428.75 gms,200.0,145.0,428.75 gm,Cadbury,0.34,55.0,27.5
Britannia NutriChoice Digestive Hi-Fibre Biscuits : 1 kg,179.0,134.0,1 kg,Britannia,134.0,45.0,25.14
Sunfeast Farmlite 5 Grain Digestive Biscuit : 800 gms,240.0,120.0,800 gm,Sunfeast,0.15,120.0,50.0
Britannia Nutri Choice Digestive Zero Biscuits : 100 gms,35.0,27.0,100 gm,Britannia,0.27,8.0,22.86
Mcvitie's Digestive Biscuits : 959.1 gms,199.0,132.0,959.1 gm,Mcvitie's,0.14,67.0,33.67
McVities Hobnobs Cookies With Choco Chips : 153.8 gms,75.0,60.0,153.8 gm,McVities,0.39,15.0,20.0
McVities Hobnobs Cookies : 153.8 gms,65.0,55.0,153.8 gm,McVities,0.36,10.0,15.38
Britannia NutriChoice Essentials Ragi Cookies : 150 gms,70.0,60.0,150 gm,Britannia,0.4,10.0,14.29
Parle Real Elaichi Rusk : 400 gms,75.0,48.0,400 gm,Parle,0.12,27.0,36.0
Royal Toast : 400 gms,69.0,47.0,400 gm,Royal,0.12,22.0,31.88
Britannia Toastea Premium Bake Rusk : 400 gms,75.0,57.0,400 gm,Britannia,0.14,18.0,24.0
Kwality Jeera Butter : 180 gms,50.0,40.0,180 gm,Kwality,0.22,10.0,20.0
Kwality Maska Khari : 180 gms,60.0,50.0,180 gm,Kwality,0.28,10.0,16.67
Royal Maska Khari : 200 gms,66.0,50.0,200 gm,Royal,0.25,16.0,24.24
Tosita Wheat Khari : 200 gms,115.0,80.0,200 gm,Tosita,0.4,35.0,30.43
Tosita Multi Grain Rusk : 200 gms,100.0,65.0,200 gm,Tosita,0.33,35.0,35.0
Tosita Wheat Rusk : 200 gms,90.0,59.0,200 gm,Tosita,0.29,31.0,34.44
Tosita Maska Khari : 150 gms,90.0,63.0,150 gm,Tosita,0.42,27.0,30.0
Tosita Jeera Butter Bites : 200 gms,90.0,59.0,200 gm,Tosita,0.29,31.0,34.44
Tosita Milk Rusk : 200 gms,85.0,55.0,200 gm,Tosita,0.28,30.0,35.29
Tosita Jeera Khari : 200 gms,110.0,77.0,200 gm,Tosita,0.39,33.0,30.0
Tosita Baby Rusk Cheddar Cheese : 150 gms,85.0,59.0,150 gm,Tosita,0.39,26.0,30.59
Tosita Makhaniya Butter : 200 gms,85.0,55.0,200 gm,Tosita,0.28,30.0,35.29
Dukes Waffy Choco Roll : 250 gms,180.0,90.0,250 gm,Dukes,0.36,90.0,50.0
Dukes Waffy Chocolate Flavoured Wafer Biscuits : 60 gms,50.0,25.0,60 gm,Dukes,0.42,25.0,50.0
Dukes Waffy Strawberry Flavoured Wafer Biscuits : 60 gms,50.0,25.0,60 gm,Dukes,0.42,25.0,50.0
The Belgian Waffle Crisps Double Choco Crisps : 85 gms,120.0,90.0,85 gm,The,1.06,30.0,25.0
Dukes Waffy Vanilla Flavoured Wafer Biscuits : 60 gms,50.0,25.0,60 gm,Dukes,0.42,25.0,50.0
Dukes Waffy Strawberry Roll : 250 gms,180.0,90.0,250 gm,Dukes,0.36,90.0,50.0
The Belgian Waffle Classic Choco Crisps : 85 gms,120.0,90.0,85 gm,The,1.06,30.0,25.0
Britannia Treat Orange Cream Wafer : 55 gms,50.0,25.0,55 gm,Britannia,0.45,25.0,50.0
Pickwick Creamy Wafer Biscuits - Strawberry : 75 gms,60.0,30.0,75 gm,Pickwick,0.4,30.0,50.0
Britannia Treat Strawberry Cream Wafer : 55 gms,50.0,25.0,55 gm,Britannia,0.45,25.0,50.0
Pickwick Creamy Wafer Biscuits - Chocolate : 75 gms,60.0,30.0,75 gm,Pickwick,0.4,30.0,50.0
Loacker Quadratini Dark Chocolate Wafer Cookies : 125 gms,249.0,199.0,125 gm,Loacker,1.59,50.0,20.08
Pocky Double Choco Sticks : 47 gms,190.0,162.0,47 gm,Pocky,3.45,28.0,14.74
Loacker Quadratini Chocolate Wafer Cookies : 125 gms,249.0,219.0,125 gm,Loacker,1.75,30.0,12.05
Loacker Quadratini Napolitaner Wafer Cookies : 125 gms,249.0,185.0,125 gm,Loacker,1.48,64.0,25.7
Pocky Chocolate Flavour Sticks : 47gms,190.0,162.0,47 gm,Pocky,3.45,28.0,14.74
Loacker Quadratini Vanilla Wafer Cookies : 125 gms,249.0,199.0,125 gm,Loacker,1.59,50.0,20.08
Pocky Cookies & Cream Flavour Sticks : 40 gms,190.0,162.0,40 gm,Pocky,4.05,28.0,14.74
Meiji Lucky Stick Chocolate Biscuit : 45 gms,200.0,170.0,45 gm,Meiji,3.78,30.0,15.0
Nabati Richoco Cocoa Cream Wafer Biscuits : 62 gms,20.0,18.0,62 gm,Nabati,0.29,2.0,10.0
Nabati Richeese Cheese Cream Wafer Biscuits : 62 gms,20.0,18.0,62 gm,Nabati,0.29,2.0,10.0
Parle Hide & Seek Choco Rolls : 120 gms,75.0,37.0,120 gm,Parle,0.31,38.0,50.67
Nabati Pink Lava Cream Wafers Biscuits : 62 gms,20.0,18.0,62 gm,Nabati,0.29,2.0,10.0
Nabati Coco Lava Coconut Flavoured Cream Wafer Biscuits : 62 gms,20.0,18.0,62 gm,Nabati,0.29,2.0,10.0
Threptin Diskettes - Vanilla : 1 kg,1760.0,1455.0,1 kg,Threptin,1455.0,305.0,17.33
Threptin Biscuits Vanilla : 275 gms,485.0,385.0,275 gm,Threptin,1.4,100.0,20.62
Threptin Diskettes - Chocolate : 275 gms,485.0,385.0,275 gm,Threptin,1.4,100.0,20.62
Britannia NutriChoice Sugar Free Cracker Biscuits : 67 gms,10.0,9.0,67 gm,Britannia,0.13,1.0,10.0
Nutrivalue Whole Ragi Health Vizkits Biscuits : 150 gms,95.0,75.0,150 gm,Nutrivalue,0.5,20.0,21.05
Nutrivalue Dibeck Health Biscuits : 150 gms,95.0,70.0,150 gm,Nutrivalue,0.47,25.0,26.32
Haldiram's Bhujia Sev : 1 kg,260.0,190.0,1 kg,Haldiram's,190.0,70.0,26.92
Rajam Snacks Garlic Mixture : 800 gm,199.0,124.0,800 gm,Rajam,0.15,75.0,37.69
Haldiram's Aloo Bhujia : 1 kg,225.0,169.0,1 kg,Haldiram's,169.0,56.0,24.89
Chheda's Mix Farsan : 500 gms,180.0,79.0,500 gm,Chheda's,0.16,101.0,56.11
Bikaji Bhujia : 1 kg,320.0,219.0,1 kg,Bikaji,219.0,101.0,31.56
Haldiram's Moong Dal : 350 gms,105.0,85.0,350 gm,Haldiram's,0.24,20.0,19.05
Haldiram's Khatta Meetha : 1 kg,200.0,155.0,1 kg,Haldiram's,155.0,45.0,22.5
Bikaji Soya Sticks : 200 gms,80.0,40.0,200 gm,Bikaji,0.2,40.0,50.0
Chheda's Farali Potato Chivda : 170 gms,85.0,50.0,170 gm,Chheda's,0.29,35.0,41.18
Bikaneri Shree Ram Bhujia : 1 kg,340.0,149.0,1 kg,Bikaneri,149.0,191.0,56.18
Haldiram's Panchratan Mixture : 150 gms,80.0,69.0,150 gm,Haldiram's,0.46,11.0,13.75
Peppy Cheese Balls : 60 gms,60.0,30.0,60 gm,Peppy,0.5,30.0,50.0
Sitashree Laxminarayan Cornflakes Chiwda : 250 gms,108.0,95.0,250 gm,Sitashree,0.38,13.0,12.04
Sitashree Laxminarayan Best Chiwda : 500 gms,216.0,195.0,500 gm,Sitashree,0.39,21.0,9.72
Chheda's Soya Snax : 170 gms,65.0,32.0,170 gm,Chheda's,0.19,33.0,50.77
Peppy Tomato Discs : 60 gms,60.0,30.0,60 gm,Peppy,0.5,30.0,50.0
Kurkure Masala Munch : 77 gms,20.0,18.0,77 gm,Kurkure,0.23,2.0,10.0
Haldiram's Boondi : 150 gms,52.0,45.0,150 gm,Haldiram's,0.3,7.0,13.46
Chheda's Golden Mix : 500 gms,180.0,90.0,500 gm,Chheda's,0.18,90.0,50.0
Rajam Snacks Madras Mixture : 300 gms,107.0,63.0,300 gm,Rajam,0.21,44.0,41.12
Sitashree Laxminarayan Best Potato Chiwda : 250 gms,114.0,99.0,250 gm,Sitashree,0.4,15.0,13.16
Agrawal's 420 Ratlami Sev : 900 gms,250.0,159.0,900 gm,Agrawal's,0.18,91.0,36.4
Haldiram's Soya Sticks : 400 gms,104.0,62.0,400 gm,Haldiram's,0.15,42.0,40.38
Kurkure Green Chutney Style : 70 gms,20.0,18.0,70 gm,Kurkure,0.26,2.0,10.0
Chheda's Mora Sev : 170 gms,55.0,41.0,170 gm,Chheda's,0.24,14.0,25.45
Kurkure Chilli Chatka : 70 gms,20.0,18.0,70 gm,Kurkure,0.26,2.0,10.0
Garden Diet Bhel : 140 gms,55.0,35.0,140 gm,Garden,0.25,20.0,36.36
Agrawal's 420 Khatta Meetha Mix : 900 gms,250.0,125.0,900 gm,Agrawal's,0.14,125.0,50.0
Garden Raita Boondi : 140 gms,55.0,46.0,140 gm,Garden,0.33,9.0,16.36
Rajam Snacks Tikha Gathiya : 400 gms,143.0,71.0,400 gm,Rajam,0.18,72.0,50.35
Garden Sabudana Chivda : 140 gms,55.0,35.0,140 gm,Garden,0.25,20.0,36.36
Rajam Mix Farsan : 400 gms,143.0,71.0,400 gm,Rajam,0.18,72.0,50.35
Charliee Masala Butter Chakli : 100 gms,76.0,37.0,100 gm,Charliee,0.37,39.0,51.32
Taali Protein Cheese & Herbs Puffs : 74 gms,79.0,39.0,74 gm,Taali,0.53,40.0,50.63
Taali Protein Masala Mania Puffs : 60 gms,79.0,39.0,60 gm,Taali,0.65,40.0,50.63
Taali Protein Cream & Onion Puffs : 74 gms,79.0,39.0,74 gm,Taali,0.53,40.0,50.63
Sun Schezwan Sticks : 150 gms,36.0,27.0,150 gm,Sun,0.18,9.0,25.0
Tip Top Bombay Mixture : 180 gms,70.0,35.0,180 gm,Tip,0.19,35.0,50.0
Chheda's Yellow Banana Chips : 170 gms,100.0,59.0,170 gm,Chheda's,0.35,41.0,41.0
Chheda's Golden Potato Chips - Lightly Salted : 170 gms,85.0,50.0,170 gm,Chheda's,0.29,35.0,41.18
Lay's American Style Cream & Onion : 90 gms,50.0,35.0,90 gm,Lay's,0.39,15.0,30.0
Lay's India's Magic Masala Potato Chips : 90 gms,50.0,33.0,90 gm,Lay's,0.37,17.0,34.0
Chheda's Long Masala Banana Chips : 170 gms,85.0,54.0,170 gm,Chheda's,0.32,31.0,36.47
Pringles Potato Chips - Sour Cream & Onion : 107 gms,115.0,99.0,107 gm,Pringles,0.93,16.0,13.91
Rajam Snacks Yellow Banana Chips : 300 gms,159.0,119.0,300 gm,Rajam,0.4,40.0,25.16
Kurkure Puffcorn Yummy Cheese : 55 gms,20.0,17.0,55 gm,Kurkure,0.31,3.0,15.0
Chheda's Salt-N-Pepper Banana Chips : 170 gms,75.0,45.0,170 gm,Chheda's,0.26,30.0,40.0
Bingo Chilli Sprinkled Potato Chips : 90 gms,50.0,25.0,90 gm,Bingo,0.28,25.0,50.0
Lay's Classic Salted Potato Chips : 90 gms,50.0,40.0,90 gm,Lay's,0.44,10.0,20.0
Pringles Potato Chips - Original : 107 gms,115.0,99.0,107 gm,Pringles,0.93,16.0,13.91
Motas Potato Chips : 200 gms,95.0,88.0,200 gm,Motas,0.44,7.0,7.37
Lay's Spanish Tomato Tango Potato Chips : 90 gms,50.0,40.0,90 gm,Lay's,0.44,10.0,20.0
Bingo Mad Angles Achaari Masti : 130 gms,50.0,25.0,130 gm,Bingo,0.19,25.0,50.0
Balaji Cream & Onion Wafers : 135 gms,40.0,36.0,135 gm,Balaji,0.27,4.0,10.0
Balaji Wafers Masala Masti : 150 gms,40.0,36.0,150 gm,Balaji,0.24,4.0,10.0
Balaji Wafers Simply Salted : 150 gms,40.0,36.0,150 gm,Balaji,0.24,4.0,10.0
Chheda's Tomato Banana Chips : 170 gms,75.0,45.0,170 gm,Chheda's,0.26,30.0,40.0
Britannia Potazos Masti Masala : 71.5 gms,25.0,16.0,71.5 gm,Britannia,0.22,9.0,36.0
Pringles Potato Chips - Peri Peri : 102 gms,115.0,99.0,102 gm,Pringles,0.97,16.0,13.91
Lay's Hot 'N' Sweet Chilli Potato Chips : 73 gms,30.0,27.0,73 gm,Lay's,0.37,3.0,10.0
Beyond Snack Kerala Banana Chips - Original Style : 85 gms,60.0,42.0,85 gm,Beyond,0.49,18.0,30.0
Doritos Nacho Cheese Flavour Chips : 82.5 gms,50.0,32.0,82.5 gm,Doritos,0.39,18.0,36.0
Pringles Potato Chips - Pizza Flavour : 102 gms,115.0,99.0,102 gm,Pringles,0.97,16.0,13.91
Bingo Mad Angles Very Peri Peri : 130 gms,50.0,25.0,130 gm,Bingo,0.19,25.0,50.0
Garden Potato Chips - Premium Salted : 170 gms,85.0,55.0,170 gm,Garden,0.32,30.0,35.29
Lays Potato Chips - Sizzlin Hot : 48 gms,20.0,18.0,48 gm,Lays,0.38,2.0,10.0
Pringles Potato Chips - Desi Masala Tadka : 102 gms,115.0,99.0,102 gm,Pringles,0.97,16.0,13.91
Balaji Tomato Flavour Potato Wafers : 135 gms,40.0,36.0,135 gm,Balaji,0.27,4.0,10.0
Tastilo Cheesy Crispy Nacho Chips : 150 gms,90.0,45.0,150 gm,Tastilo,0.3,45.0,50.0
Lay's Wafer Style Potato Chips - Sundried Chilli : 48 gms,20.0,17.0,48 gm,Lay's Wafer,0.35,3.0,15.0
Rajam Yellow Banana Yellow Chips : 150 gms,83.0,60.0,150 gm,Rajam,0.5,23.0,27.71
Lay's Gourmet Vintage Cheese & Paprika Potato Chips : 80 gms,50.0,33.0,80 gm,Lay's,0.41,17.0,34.0
Cornitos Nacho Crisps - Cheese & Herbs : 150 gms,90.0,60.0,150 gm,Cornitos,0.4,30.0,33.33
Nisarga Yellow Banana Chips : 150 gms,100.0,50.0,150 gm,Nisarga,0.33,50.0,50.0
Balaji Simply Salted Stack Up : 60 gms,60.0,40.0,60 gm,Balaji,0.67,20.0,33.33
Beyond Snack Kerala Banana Chips - Peri Peri : 85 gms,60.0,42.0,85 gm,Beyond,0.49,18.0,30.0
Tastilo Spicy Jalapeno Nacho Chips : 150 gms,90.0,45.0,150 gm,Tastilo,0.3,45.0,50.0
Cornitos Nacho Crisps- Sizzlin Jalapeno : 150 gms,90.0,60.0,150 gm,Cornitos,0.4,30.0,33.33
Lay's Wafer Style Potato Chips - Salt With Pepper : 48 gms,20.0,15.0,48 gm,Lay's Wafer,0.31,5.0,25.0
Tastilo Nacho Chips - Cheesy Crispy : 60 gms,40.0,20.0,60 gm,Tastilo,0.33,20.0,50.0
Tastilo Nacho Chips - Peri Peri : 60 gms,40.0,20.0,60 gm,Tastilo,0.33,20.0,50.0
Makino Nacho Cheese Chips : 150 gms,90.0,55.0,150 gm,Makino,0.37,35.0,38.89
Beyond Snack Kerala Banana Chips - Salt And Pepper : 85 gms,60.0,42.0,85 gm,Beyond,0.49,18.0,30.0
Beyond Snack Kerala Banana Chips - Desi Masala : 85 gms,60.0,42.0,85 gm,Beyond,0.49,18.0,30.0
Wingreens Naan Chips Butter Garlic : 60 gms,40.0,20.0,60 gm,Wingreens,0.33,20.0,50.0
Pringles Potato Chips - Fusion Chutney : 102 gms,115.0,99.0,150 gm,Pringles,0.66,16.0,13.91
Beyond Snack Kerala Banana Chips - Hot & Sweet Chilli : 85 gms,60.0,42.0,85 gm,Beyond,0.49,18.0,30.0
Tastilo Nacho Chips - Spicy Jalapeno : 60 gms,40.0,20.0,60 gm,Tastilo,0.33,20.0,50.0
Makino Nacho Jalapeno Chips : 150 gms,90.0,50.0,150 gm,Makino,0.33,40.0,44.44
Tastilo Nacho Chips - Mexican Salsa : 60 gms,40.0,20.0,60 gm,Tastilo,0.33,20.0,50.0
Wingreens Naan Chips Chatpata Pudina : 60 gms,40.0,20.0,60 gm,Wingreens,0.33,20.0,50.0
Wayback Moong Baked Chips - Cheese N Herbs : 65 gms,80.0,40.0,65 gm,Wayback,0.62,40.0,50.0
Makino Nacho Sweet Chilly Chips :  150 gms,90.0,55.0,150 gm,Makino,0.37,35.0,38.89
Shiv Shakti Sabudana Kurdai : 100 gms,62.0,30.0,100 gm,Shiv,0.3,32.0,51.61
Makino Corn Twist Tomato : 60 gms,35.0,22.0,60 gm,Makino,0.37,13.0,37.14
Cornitos Nacho Crisps - Tomato Mexicana : 150 gms,90.0,60.0,150 gm,Cornitos,0.4,30.0,33.33
Cheetos Twisted Flamin Hot Corn Puffs : 30 gms,160.0,136.0,30 gm,Cheetos,4.53,24.0,15.0
Wayback Barley Baked Chips - Cream N Onion : 65 gms,80.0,40.0,65 gm,Wayback,0.62,40.0,50.0
Wayback Jowar Baked Chips - Lemon Ginger : 65 gms,80.0,40.0,65 gm,Wayback,0.62,40.0,50.0
Makino Nacho Cheese Chips Can Pack : 107 gms,120.0,75.0,107 gm,Makino,0.7,45.0,37.5
Wayback Bajra Baked Chips - Continental Spicy : 65 gms,80.0,40.0,65 gm,Wayback,0.62,40.0,50.0
McCain French Fries Pepper Crunch : 420 gms,150.0,129.0,420 gm,McCain,0.31,21.0,14.0
Tagz Popped Potato Chips Beer `N Barbeque : 56 Gms,110.0,55.0,56 gm,Tagz,0.98,55.0,50.0
Tagz Popped Potato Chips Cream & Onion Divin : 56 Gms,110.0,55.0,56 gm,Tagz,0.98,55.0,50.0
Tagz Popped Potato Chips Masala Trekkin : 56 Gms,110.0,55.0,56 gm,Tagz,0.98,55.0,50.0
Chitale Bandhu Bakarwadi : 250 gms,110.0,95.0,250 gm,Chitale,0.38,15.0,13.64
Chheda's Diet Poha Chivda : 350 gms,150.0,75.0,350 gm,Chheda's,0.21,75.0,50.0
Kurkure Masala Munch Namkeen : 100 gms,30.0,24.0,100 gm,Kurkure,0.24,6.0,20.0
Chheda's Kachori : 170 gms,60.0,39.0,170 gm,Chheda's,0.23,21.0,35.0
Prabhuji Khatta Meetha : 800 gms,220.0,89.0,800 gm,Prabhuji,0.11,131.0,59.55
Prabhuji All In One Mix : 1 kg,280.0,129.0,1 kg,Prabhuji,129.0,151.0,53.93
Vijayalaxmi Multigrain Bhajni Chakli : 500 gms,200.0,100.0,500 Gm,Vijayalaxmi,0.2,100.0,50.0
Babus Laxmi Narayan Best Farsan : 500 gms,140.0,65.0,500 gm,Babus,0.13,75.0,53.57
Farmley Peri Peri Makhana Jar : 83 gms,149.0,109.0,83 gm,Farmley,1.31,40.0,26.85
Farmley Cream & Onion Makhana Jar : 83 gms,199.0,125.0,83 gm,Farmley,1.51,74.0,37.19
Charliee Butter Chakli : 100 gms,76.0,37.0,100 gm,Charliee,0.37,39.0,51.32
Bikaji Falahari Mix : 170 gms,80.0,40.0,170 gm,Bikaji,0.24,40.0,50.0
Agrawals 420 Namkeen All In One : 900 gms,250.0,125.0,900 gm,Agrawals,0.14,125.0,50.0
Haldiram's Fine Bhel Sev : 150 gms,60.0,30.0,150 gm,Haldiram's,0.2,30.0,50.0
Panjwani Roasted Brown Chana : 200 gms,70.0,35.0,200 gm,Panjwani,0.17,35.0,50.0
Rajam Snacks Murukku : 150 gms,86.0,43.0,150 gm,Rajam,0.29,43.0,50.0
Taali Roasted Peanuts - Salted : 150 gms,80.0,40.0,150 gm,Taali,0.27,40.0,50.0
Garden Nylon Sev : 140 gms,55.0,35.0,140 gm,Garden,0.25,20.0,36.36
Sikandar Premium Roasted Peanuts Salted Khari Shing : 200 gms,70.0,59.0,200 gm,Sikandar,0.29,11.0,15.71
Rajam Snacks Chakli : 150 gms,86.0,43.0,150 gm,Rajam,0.36,43.0,50.0
Natural's Bite  Methi Masala Khakhra : 180 gms,75.0,37.0,180 gm,Natural's,0.21,38.0,50.67
Athavale's Jowar Poha Chivada : 200 gms,80.0,65.0,200 gm,Athavale's,0.33,15.0,18.75
Rajam Snacks Masala Murukku : 150 gms,86.0,43.0,150 gm,Rajam,0.29,43.0,50.0
Taali Roasted Peanuts - Nimboo Pudina : 140 gms,80.0,40.0,140 gm,Taali,0.29,40.0,50.0
Panjwani's White Sing : 200 gms,90.0,69.0,200 gm,Panjwani's,0.34,21.0,23.33
Panjwani's Skinwala Sing : 200 gms,88.0,55.0,200 gm,Panjwani's,0.28,33.0,37.5
Charliee Yellow Chana : 180 gms,80.0,40.0,180 gm,Charliee,0.22,40.0,50.0
Athavale's Methi Mathri : 200 gms,80.0,65.0,200 gm,Athavale's,0.33,15.0,18.75
Garden Yellow Banana Chips : 140 gms,99.0,64.0,140 gm,Garden,0.46,35.0,35.35
Panjwani Roasted Black Chana : 200 gms,85.0,65.0,200 gm,Panjwani,0.33,20.0,23.53
Athavale's Bhajani Chakali Sticks : 200 gms,80.0,65.0,200 gm,Athavale's,0.33,15.0,18.75
Makhanawala's Roasted Makhana (Foxnuts) Pudina Punch : 70 gms,130.0,99.0,70 gm,Makhanawala's,1.41,31.0,23.85
Charliee Sev Puri : 185 gms,100.0,50.0,185 gm,Charliee,0.27,50.0,50.0
Makhanawala's Roasted Makhana (Foxnuts) Himalayan Pink Salt : 70 gms,130.0,99.0,70 gm,Makhanawala's,1.41,31.0,23.85
Taali Roasted Peanuts - Masala : 140 gms,80.0,40.0,140 gm,Taali,0.29,40.0,50.0
Athavale's Farali Bhel  : 200 gms,80.0,65.0,200 gm,Athavale's,0.33,15.0,18.75
Garden Mini Bhakarwadi : 145 gms,55.0,35.0,145 gm,Garden,0.24,20.0,36.36
Makhanawala's Roasted Makhana (Foxnuts) Spicy Indiana : 70 gms,130.0,99.0,70 gm,Makhanawala's,1.41,31.0,23.85
Jabsons Methi Khakhra : 180 gms,80.0,64.0,180 gm,Jabsons,0.36,16.0,20.0
Makhanawala's Roasted Makhana (Foxnuts) Peri-Peri : 70 gms,130.0,99.0,70 gm,Makhanawala's,1.41,31.0,23.85
Natural's Bite Jeera Masala Khakhra : 180 gms,75.0,37.0,180 gm,Natural's,0.21,38.0,50.67
Makhanawala's Roasted Makhana (Foxnuts) Cream & Onion : 70 gms,130.0,111.0,70 gm,Makhanawala's,1.59,19.0,14.62
Charliee Tea Time Puri : 185 gms,100.0,50.0,185 gm,Charliee,0.27,50.0,50.0
Babus Laxmi Narayan Best Chiwda  : 250 gms,100.0,85.0,250 gm,Babus,0.34,15.0,15.0
Athavale's Cheese & Pepper Bites : 200 gms,80.0,65.0,200 gm,Athavale's,0.33,15.0,18.75
Taali Roasted Peanuts - Hing Jeera : 140 gms,80.0,40.0,140 gm,Taali,0.29,40.0,50.0
Makhanawala's Roasted Makhana (Foxnuts) Spicy Black Salt : 70 gms,130.0,99.0,70 gm,Makhanawala's,1.41,31.0,23.85
Babus Laxmi Narayan Best Chiwda : 500 gms,200.0,170.0,500 gm,Babus,0.34,30.0,15.0
Natural's Bite Ragi Khakhra : 180 gms,75.0,37.0,180 gm,Natural's,0.21,38.0,50.67
Jabsons Bajra Methi Khakhra : 180 gms,80.0,64.0,180 gm,Jabsons,0.36,16.0,20.0
Too Yumm Karare Baked Masala Munchy : 70 gms,20.0,15.0,70 gm,Too,0.21,5.0,25.0
Natural's Bite Multigrain Khakhra : 180 gms,75.0,37.0,180 gm,Natural's,0.21,38.0,50.67
Jabsons Jeera Khakhra : 180 gms,80.0,64.0,180 gm,Jabsons,0.36,16.0,20.0
Jabsons Chilly Garlic Khakhra : 180 gms,80.0,64.0,180 gm,Jabsons,0.36,16.0,20.0
Natural's Bite Mahableshwar Chana : 200 gms,85.0,42.0,200 gm,Natural's,0.21,43.0,50.59
Jaine Jeera Khakhra : 200 gms,90.0,45.0,200 gm,Jaine,0.23,45.0,50.0
Jabsons Punjabi Masala Khakhra : 180 gms,80.0,64.0,180 gm,Jabsons,0.36,16.0,20.0
Jaine Masala Khakhra : 200 gms,90.0,45.0,200 gm,Jaine,0.23,45.0,50.0
Natural's Bite Roasted Bhakri Methi Bajra : 150 gms,65.0,48.0,150 gm,Natural's,0.32,17.0,26.15
Tip Top Diet Chivada : 180 gms,70.0,35.0,180 gm,Tip,0.19,35.0,50.0
Tip Top Bhakarwadi : 170 gms,70.0,35.0,170 gm,Tip,0.21,35.0,50.0
Tong Garden Roasted Pumpkin Kernels : 200 gms,325.0,265.0,200 gm,Tong,1.32,60.0,18.46
Tip Top Masala Muruku : 180 gms,70.0,35.0,180 gm,Tip,0.19,35.0,50.0
Tong Garden Salted Cocktail Nuts : 400 gms,840.0,690.0,400 gm,Tong,1.73,150.0,17.86
Tip Top Makhania Gathia : 180 gms,70.0,35.0,180 gm,Tip,0.19,35.0,50.0
Tong Garden Salted Peanuts : 160 gms,150.0,120.0,160 gm,Tong,0.75,30.0,20.0
Tong Garden Paprika Pumpkin Seeds : 30 gms,50.0,40.0,30 gm,Tong,1.33,10.0,20.0
Tong Garden Salted Pumpkin Seeds : 30 gms,50.0,42.0,30 gm,Tong,1.4,8.0,16.0
Tong Garden Roasted Sunflower Kernels : 200 gms,175.0,129.0,200 gm,Tong,0.65,46.0,26.29
Tong Garden Honey Sunflower : 30 gms,30.0,22.0,30 gm,Tong,0.73,8.0,26.67
Tong Garden BBQ Sunflower Spicy : 30 gms,30.0,22.0,30 gm,Tong,0.73,8.0,26.67
Tong Garden BBQ Flavour Coated Broad Bean : 500 gms,340.0,270.0,500 gm,Tong,0.54,70.0,20.59
Bedekar Golden Chivda : 200 gms,80.0,58.0,200 gm,Bedekar,0.29,22.0,27.5
Bedekar Special Chivda : 340 gms,125.0,110.0,340 gm,Bedekar,0.32,15.0,12.0
Bedekar Golden Chivda : 340 gms,125.0,110.0,340 gm,Bedekar,0.32,15.0,12.0
Bhagirathi Nylon Poha Chiwada : 180 gms,70.0,45.0,180 gm,Bhagirathi,0.32,25.0,35.71
Bhagirathi Sweet Shankarpali : 180 gms,70.0,49.0,180 gm,Bhagirathi,0.32,21.0,30.0
Bedekar Bhajani Chakali : 500 gms,260.0,234.0,500 gm,Bedekar,0.47,26.0,10.0
Lijjat Udad Papad : 200 gms,77.0,69.0,200 gm,Lijjat,0.34,8.0,10.39
Lijjat Punjabi Masala Papad : 200 gms,89.0,78.0,200 gm,Lijjat,0.39,11.0,12.36
Lijjat Garlic Papad : 200 gms,77.0,64.0,200 gm,Lijjat,0.32,13.0,16.88
Appu Appalam Papad : 150 gms,70.0,35.0,150 gm,Appu,0.23,35.0,50.0
Lijjat Moong Papad : 200 gms,77.0,67.0,200 gm,Lijjat,0.34,10.0,12.99
Lijjat Udad Mini Papad : 200 gms,77.0,69.0,200 gm,Lijjat,0.34,8.0,10.39
Sitashree Laxminarayan Mix Farsan : 500 gms,150.0,87.0,500 gm,Sitashree,0.17,63.0,42.0
Chheda's Bhel Mix : 500 gms,150.0,75.0,500 gm,Chheda's,0.15,75.0,50.0
Yellow Chana : 500 gms,95.0,67.0,500 gm,Yellow,0.13,28.0,29.47
Haldiram's Mini Bhakarwadi : 200 gms,65.0,55.0,200 gm,Haldiram's,0.28,10.0,15.38
Paper Boat Chikki - 6x16 gm : 96 gms,42.0,35.0,96 gm,Paper,0.36,7.0,16.67
Royal Peanut Chikki : 96 gms,38.0,21.0,96 gm,Royal,0.22,17.0,44.74
Haldiram's Tasty Nuts : 350 gms,95.0,85.0,350 gm,Haldiram's,0.24,10.0,10.53
Sitashree Laxminarayan Best Chiwda : 250 gms,108.0,96.0,250 gm,Sitashree,0.35,12.0,11.11
Nutraj Phool Makhana (Fox Nuts) : 200 gms,349.0,225.0,200 gm,Nutraj,1.13,124.0,35.53
Act II Classic Salted Popcorn : 30 gms,10.0,9.0,30 gm,Act,0.3,1.0,10.0
Rajam Snacks Tukda Murukku : 400 gms,167.0,83.0,400 gm,Rajam,0.21,84.0,50.3
Piknik Classic Tomato Chilli Sticks : 60 gms,60.0,30.0,60 gm,Piknik,0.5,30.0,50.0
Makhanawala's Himalayan Pink Salt Makhana : 28 gms,55.0,27.0,28 gm,Makhanawala's,0.96,28.0,50.91
Act II Microwave Popcorn - Butter : 99 gms,75.0,68.0,99 gm,Act,0.69,7.0,9.33
Haldiram's Peanut Chikki Bar : 6x20 gms,30.0,25.0,120 gm,Haldiram's,0.21,5.0,16.67
Act II Golden Sizzle Popcorn : 30 gms,10.0,9.0,30 gm,Act,0.3,1.0,10.0
Sun Yellow Chana : 200 gms,40.0,30.0,200 gm,Sun,0.15,10.0,25.0
Panjwani Without Skin White Sing : 500 gms,205.0,159.0,500 gm,Panjwani,0.32,46.0,22.44
Charliee Plain Salted Peanuts : 180 gms,110.0,55.0,180 gm,Charliee,0.31,55.0,50.0
Act II Movie Theatre Butter Flavour Popcorn : 450 gms,135.0,115.0,450 gm,Act,0.26,20.0,14.81
Jabsons Roasted Peanuts Classic Salted : 160 gms,70.0,55.0,160 gm,Jabsons,0.34,15.0,21.43
Makhanawala's Peri-Peri Makhana : 28 gms,55.0,27.0,28 gm,Makhanawala's,0.96,28.0,50.91
Makhanawala's Cream & Onion Makhana : 28 gms,55.0,27.0,28 gm,Makhanawala's,0.96,28.0,50.91
Natural's Bite Pani Puri Papad : 200 gms,55.0,42.0,200 gm,Natural's,0.21,13.0,23.64
Shiv Shakti's Makhana : 100 gms,175.0,125.0,100 gm,Shiv,1.25,50.0,28.57
Natural's Bite Roasted Yellow Chana : 200 gms,65.0,32.0,200 gm,Natural's,0.16,33.0,50.77
Sitashree Laxminarayan Patal Poha Chiwda : 250 gms,75.0,64.0,250 gm,Sitashree,0.26,11.0,14.67
Rajam Snacks Tukda Masala Murukku : 400 gms,167.0,83.0,400 gm,Rajam,0.21,84.0,50.3
Act II Butter Delite Popcorn : 70 gms,35.0,32.0,70 gm,Act,0.46,3.0,8.57
Charliee Rajgira Laddu : 75 gms,48.0,24.0,75 gm,Charliee,0.32,24.0,50.0
Makhanawala's Spicy Treat Makhana : 28 gms,55.0,27.0,28 gm,Makhanawala's,0.96,28.0,50.91
Act II Butter Pepper Popcorn : 70 gms,35.0,31.0,70 gm,Act,0.44,4.0,11.43
Natural's Bite Sabudana Upwas Papad : 100 gms,60.0,30.0,100 gm,Natural's,0.3,30.0,50.0
Jabsons Roasted Peanuts Nimboo Pudina : 140 gms,70.0,56.0,140 gm,Jabsons,0.4,14.0,20.0
Rajam Snacks Fry Masala Groundnut : 150 gms,53.0,49.0,150 gm,Rajam,0.41,4.0,7.55
Sitashree Laxminarayan Shabuflakes Chiwda: 250 gms,78.0,68.0,250 gm,Sitashree,0.27,10.0,12.82
Sun Rajgira Chikki : 200 gms,50.0,40.0,200 gm,Sun,0.2,10.0,20.0
Shiv Shakti's Sabudana Mini Papad : 200 gms,88.0,65.0,200 gm,Shiv,0.33,23.0,26.14
Makhanawala's Roasted Salt-N-Pepper Foxnuts : 70 gms,130.0,111.0,70 gm,Makhanawala's,1.59,19.0,14.62
Mother's Recipe Sabudana Papad With Sendha Namak : 70 gms,34.0,22.0,70 gm,Mother's,0.31,12.0,35.29
Rajam Snacks Mangalore Mixture : 400 gms,150.0,75.0,400 gm,Rajam,0.19,75.0,50.0
Sitashree Laxminarayan Lite Chiwda : 250 gms,72.0,65.0,250 gm,Sitashree,0.26,7.0,9.72
Jabsons Roasted Peanuts Spicy Masala : 140 gms,70.0,56.0,140 gm,Jabsons,0.4,14.0,20.0
Charliee Rajgira Chikki : 150 gms,96.0,48.0,150 gm,Charliee,0.32,48.0,50.0
Jabsons Roasted Peanuts Hing Jeera : 140 gms,70.0,56.0,140 gm,Jabsons,0.4,14.0,20.0
Act II Tomato Chilli Popcorn : 59 gms,33.0,30.0,59 gm,Act,0.51,3.0,9.09
Act II Cheese Flavour Popcorn : 210 gms,110.0,95.0,210 gm,Act,0.45,15.0,13.64
Jabsons Roasted Peanuts Black Pepper : 140 gms,70.0,56.0,140 gm,Jabsons,0.4,14.0,20.0
Rajam Khara Boondhi : 150 gms,53.0,43.0,150 gm,Rajam,0.36,10.0,18.87
Act II Microwave Popcorn - Original : 99 gms,75.0,65.0,99 gm,Act,0.66,10.0,13.33
Too Yumm Sour Cream & Onion Veggie Stix : 65 gms,35.0,30.0,65 gm,Too,0.46,5.0,14.29
Charliee Peanut Laddu : 150 gms,96.0,48.0,150 gm,Charliee,0.32,48.0,50.0
Act II Tandoori Tadka Popcorn : 70 gms,35.0,32.0,70 gm,Act,0.46,3.0,8.57
Shiv Shakti's Rice Papad : 200 gms,68.0,34.0,200 gm,Shiv,0.17,34.0,50.0
Sun Mix Fryums : 200 gms,25.0,20.0,200 gm,Sun,0.1,5.0,20.0
Charliee Kurmura Laddu : 75 gms,48.0,24.0,75 gm,Charliee,0.32,24.0,50.0
Makhanawala's Roasted Jowar Puffs Spicy Munch : 50 gms,70.0,35.0,50 gm,Makhanawala's,0.7,35.0,50.0
Tip Top Sakkarpara Sweet : 180 gms,70.0,35.0,180 gm,Tip,0.19,35.0,50.0
Makhanawala's Roasted Jowar Puffs Peri Peri : 60 gms,70.0,35.0,60 gm,Makhanawala's,0.58,35.0,50.0
Charliee 3 In 1 Peanut Chikki : 150 gms,96.0,48.0,150 gm,Charliee,0.32,48.0,50.0
Makhanawala's Quinoa Puffs Chilli Chataka : 60 gms,75.0,37.0,60 gm,Makhanawala's,0.62,38.0,50.67
Makhanawala's Roasted Quinoa Puffs Buttery Tomato : 60 gms,75.0,37.0,60 gm,Makhanawala's,0.62,38.0,50.67
Bedekar Shankarpali : 200 gms,70.0,63.0,200 gm,Bedekar,0.32,7.0,10.0
Bedekar Special Chivda : 200 gms,90.0,75.0,200 gm,Bedekar,0.38,15.0,16.67
Godrej Yummiez Frozen Green Peas : 1 kg,280.0,140.0,1 Kg,Godrej,140.0,140.0,50.0
McCain French Fries : 750 gms,205.0,137.0,750 gm,McCain,0.18,68.0,33.17
Safal Green Peas (Frozen) : 1 kg,240.0,149.0,1 kg,Safal,149.0,91.0,37.92
Freshezza Frozen Green Peas : 1 kgs,260.0,130.0,1 kg,Freshezza,130.0,130.0,50.0
McCain Aloo Tikki : 760 gms,225.0,150.0,760 gm,McCain,0.2,75.0,33.33
McCain Potato Cheese Shotz : 400 gms,240.0,220.0,400 gm,McCain,0.55,20.0,8.33
McCain Smiles - Crispy Happy Potatoes : 1.25 kgs,370.0,259.0,1.25 Kg,McCain,207.2,111.0,30.0
McCain Chilli Garlic Potato Bites : 700 gms,240.0,205.0,700 gm,McCain,0.29,35.0,14.58
Godrej Yummiez French Fries : 425 gms,125.0,76.0,425 gm,Godrej,0.18,49.0,39.2
McCain Veggie Fingers : 400 gms,155.0,131.0,400 gm,McCain,0.33,24.0,15.48
McCain Chilli Cheesy Nuggets : 400 gms,240.0,220.0,400 gm,McCain,0.55,20.0,8.33
ITC Master Chef Chilli Garlic Potato Shots : 500 gms,220.0,110.0,500 gm,ITC,0.22,110.0,50.0
McCain Variety Pack - 3 Packs Inside : 550 gms,150.0,128.0,550 gm,McCain,0.23,22.0,14.67
McCain Veggie Burger Patty : 360 gms,135.0,114.0,360 gm,McCain,0.32,21.0,15.56
Prasuma Mixed Veg Frozen Momos : 15 Pieces,210.0,99.0,15 Pcs,Prasuma,6.6,111.0,52.86
Sumeru Piri Piri Masala French Fries - Crispy & Spicy : 800 gms,299.0,149.0,800 gm,Sumeru,0.19,150.0,50.17
McCain Aloo Tikki : 400 gms,120.0,110.0,400 gm,McCain,0.28,10.0,8.33
ITC Master Chef Veggie Pizza Pocket : 340 gms,190.0,138.0,340 gm,ITC,0.41,52.0,27.37
Prasuma Cheesy Spicy Veg Frozen Momos : 24 Pieces,325.0,255.0,24 Pcs,Prasuma,10.63,70.0,21.54
Godrej Yummiez Potato Cheese Bites : 400 gms,245.0,149.0,400 gm,Godrej,0.37,96.0,39.18
Godrej Yummiez Crispy Veg Sticks : 320 gms,140.0,70.0,320 gm,Godrej,0.22,70.0,50.0
Wow Corn & Cheese Momos : 20 Pieces,335.0,167.0,20 U,Wow,8.35,168.0,50.15
Prasuma Vegetable & Paneer Frozen Momos: 24 Pieces,295.0,220.0,24 Pcs,Prasuma,9.17,75.0,25.42
Goeld Paneer Paratha : 320 gms,199.0,99.0,320 gm,Goeld,0.31,100.0,50.25
Mad Sweet Corn Kernels : 725 gms,149.0,74.0,725 gm,Mad,0.31,75.0,50.34
Godrej Yummiez Veg Masala Nuggets : 400 gms,185.0,100.0,400 gm,Godrej,0.25,85.0,45.95
Wow Veg Darjeeling Momos : 20 Pieces,295.0,147.0,20 U,Wow,7.35,148.0,50.17
Sumeru Aloo Paratha : 5x80 gms,155.0,125.0,400 gm,Sumeru,0.31,30.0,19.35
Sumeru Piri Piri Masala French Fries - Crispy & Spicy : 400 gms,169.0,84.0,400 gm,Sumeru,0.21,85.0,50.3
Switz Samosa Dough 50 Sheet : 500 gms,110.0,85.0,500 gm,Switz,0.17,25.0,22.73
Godrej Yummiez Veg Burger Patty : 340 gms,140.0,70.0,340 gm,Godrej,0.21,70.0,50.0
ID Wheat Lachha Paratha : 5 Pieces,95.0,82.0,5 pcs,ID,16.4,13.0,13.68
ITC Master Chef Cheesy Corn Triangles : 320 gms,195.0,145.0,320 gm,ITC,0.45,50.0,25.64
Sumeru Malabar Paratha : 300 gms,129.0,109.0,300 gm,Sumeru,0.36,20.0,15.5
Sumeru Chilli Garlic Masala French Fries : 400 gms,169.0,84.0,400 gm,Sumeru,0.21,85.0,50.3
Sumeru French Fries : 500 gms,165.0,125.0,500 gm,Sumeru,0.25,40.0,24.24
ITC Masterchef Lebanese Falafel Kebab : 230 gms,140.0,115.0,230 gm,ITC,0.5,25.0,17.86
Switz Spring Roll Dough 20 Sheet : 275 gms,110.0,85.0,275 gm,Switz,0.31,25.0,22.73
Goeld Mix Veg Paratha : 320 gms,169.0,74.0,320 gm,Goeld,0.23,95.0,56.21
ITC Master Chef Alphabytes : 450 gms,155.0,121.0,450 gm,ITC,0.27,34.0,21.94
Sumeru Malabar Paratha : 1 kg,329.0,279.0,1 kg,Sumeru,279.0,50.0,15.2
Sumeru Vegetable Spring Rolls : 200 gms,149.0,99.0,200 gm,Sumeru,0.49,50.0,33.56
4700 BC Makka Popcorn : 200 gms,40.0,32.0,200 gm,4700,0.16,8.0,20.0
Act II Butter Delite Flavour Popcorn : 450 gms,135.0,120.0,450 gm,Act,0.27,15.0,11.11
4700 BC Natural Microwave Popcorn : 85 gms,75.0,49.0,85 gm,4700,0.58,26.0,34.67
4700 BC Instant Cheese Gourmet Popcorn : 60 gms,30.0,22.0,60 gm,4700,0.37,8.0,26.67
4700 BC Instant Butter Popcorn : 30 gms,10.0,8.0,30 gm,4700,0.27,2.0,20.0
4700 BC Instant Barbeque Popcorn : 30 gms,10.0,8.0,30 gm,4700,0.27,2.0,20.0
4700 BC Instant Seven Spices Popcorn : 30 gms,10.0,8.0,30 gm,4700,0.27,2.0,20.0
4700 BC Instant Natural Popcorn : 30 gms,10.0,8.0,30 gm,4700,0.27,2.0,20.0
Act II Barbeque Flavour Popcorn  : 106 gms,75.0,65.0,106 gm,Act,0.61,10.0,13.33
Kellogg's Corn Flakes Original : 875 gms,370.0,285.0,875 gm,Kellogg's,0.33,85.0,22.97
Kellogg's Corn Flakes with Real Almond & Honey : 1 kg,615.0,474.0,1 kg,Kellogg's,474.0,141.0,22.93
Kellogg's Chocos : 1.10 kgs,515.0,403.0,1.10 kg,Kellogg's,366.36,112.0,21.75
Nutri Delite Chocoflakes : 1200 gms,349.0,229.0,1200 gm,Nutri,0.19,120.0,34.38
Kellogg's Chocos Variety Pack : 156 gms,70.0,54.0,156 gm,Kellogg's,0.35,16.0,22.86
Kellogg's Chocos Crunchy Bites : 375 gms,205.0,184.0,375 gm,Kellogg's,0.49,21.0,10.24
Bagrry's Corn Flakes : 800 gms,399.0,199.0,800 gm,Bagrry's,0.25,200.0,50.13
Kellogg's Chocos Fills : 250 gms,205.0,180.0,250 gm,Kellogg's,0.72,25.0,12.2
Soulfull Ragi Bites Choco Fills : 250 gms,219.0,109.0,250 gm,Soulfull,0.44,110.0,50.23
Kellogg's Chocos Moons & Stars : 360 gms,215.0,189.0,360 gm,Kellogg's,0.53,26.0,12.09
Kellogg's Crunchy Granola Almonds & Cranberries : 460 gms,380.0,340.0,460 gm,Kellogg's,0.74,40.0,10.53
Nutri Delite Almond & Honey Cornflakes : 1 kg,399.0,279.0,1 kg,Nutri,279.0,120.0,30.08
Kellogg's Special K Original : 900 gms,470.0,399.0,900 gm,Kellogg's,0.44,71.0,15.11
Kellogg's Froot Loops Cereal : 285 gms,199.0,184.0,285 gm,Kellogg's,0.65,15.0,7.54
Soulfull Ragi Bites Vanilla Fills : 250 gms,219.0,109.0,250 gm,Soulfull,0.44,110.0,50.23
Nutri Delite Variety Pack : 150 gms,60.0,30.0,150 gm,Nutri,0.25,30.0,50.0
Kellogg's Corn Flakes with Real Almond & Honey : 170 gms,99.0,84.0,170 gm,Kellogg's,0.49,15.0,15.15
Kellogg's Chocos Choco : 250 gms,148.0,134.0,250 gm,Kellogg's,0.54,14.0,9.46
Kellogg's Iron Shakti Corn Flakes : 260 gms,99.0,89.0,260 gm,Kellogg's,0.34,10.0,10.1
Kwality Cornflakes Combi Pack : 120 gms,60.0,30.0,120 gm,Kwality,0.25,30.0,50.0
Yoga Bar No Maida Choco Cereal  : 345 gms,260.0,130.0,345 ml,Yoga,0.38,130.0,50.0
Nutri Delite Breakfast Cereal Fills : 25 gms,15.0,7.0,25 gm,Nutri,0.28,8.0,53.33
Kelloggs Hersheys Chocos Breakfast Cereal : 325 gms,235.0,199.0,325 gm,Kelloggs,0.28,36.0,15.32
Kellogg's Multigrain Chocos Fills : 160 gms,99.0,89.0,160 gm,Kellogg's,0.28,10.0,10.1
Nutri Delite Breakfast Cereal Fills : 160 gm,85.0,47.0,160 gm,Nutri,0.28,38.0,44.71
Quaker Oats : 1.5 kgs,292.0,208.0,1.5 kg,Quaker,138.67,84.0,28.77
Saffola Masala Oats Classic : 500 gms,225.0,184.0,500 gm,Saffola,0.37,41.0,18.22
Nutri Delite Oats : 1.5 kgs,260.0,165.0,1.5 kg,Nutri,110.0,95.0,36.54
Saffola Masala Oats Veggie Twist : 500 gms,225.0,175.0,500 gm,Saffola,0.35,50.0,22.22
Bagrry's White Oats : 1 kg,210.0,144.0,1 kg,Bagrry's,144.0,66.0,31.43
Kellogg's Oats : 900 gms,185.0,140.0,900 gm,Kellogg's,0.16,45.0,24.32
Saffola Masala Oats Peppy Tomato : 500 gms,225.0,175.0,500 gm,Saffola,0.35,50.0,22.22
Quaker Oats Multigrain Rolled Oats : 300 gms,89.0,65.0,300 gm,Quaker,0.22,24.0,26.97
True Elements Rolled Oats : 1.2 kgs,480.0,349.0,1.2 Kg,TRUE,290.83,131.0,27.29
Yogabar Dark Chocolate Oats : 400 gms,249.0,125.0,400 gm,Yogabar,0.31,124.0,49.8
Yogabar Veggies Masala Oats : 400 gms,199.0,99.0,400 gm,Yogabar,0.25,100.0,50.25
Kellogg's Muesli Fruit And Nut : 750 gms,490.0,359.0,750 gm,Kellogg's,0.48,131.0,26.73
Tata Soulfull Millet Muesli - Fruit and Nut : 1 kg,709.0,354.0,1 kg,Tata,354.0,355.0,50.07
Kellogg's Muesli Nuts Delight : 750 gms,470.0,360.0,750 gm,Kellogg's,0.48,110.0,23.4
Gaia Crunchy Muesli : 1 kg,599.0,299.0,1 kg,Gaia,299.0,300.0,50.08
Gaia Crunchy Muesli Mixed Fruit : 1 kg,599.0,299.0,1 kg,Gaia,299.0,300.0,50.08
Yoga Bar Muesli - Dark Chocolate Cranberry : 400 gms,359.0,179.0,400 gm,Yoga,0.45,180.0,50.14
Bagrry's Crunchy Muesli with Almonds-Raisins-Honey : 1 kg,625.0,391.0,1 kg,Bagrry's,391.0,234.0,37.44
Tata Soulfull Millet Muesli - Crunchy : 1 kg,639.0,319.0,1 kg,Tata,319.0,320.0,50.08
Yoga Bar Muesli - Fruits + Nuts & Seeds : 400 gms,359.0,179.0,400 gm,Yoga,0.45,180.0,50.14
Yoga Bar Muesli - Almond + Quinoa Crunch : 400 gms,359.0,179.0,400 gm,Yoga,0.45,180.0,50.14
True Elements Dark Chocolate Granola : 900  gms,695.0,476.0,900 gm,TRUE,0.53,219.0,31.51
True Elements Nuts & Berries Muesli : 1  kg,695.0,476.0,1 Kg,TRUE,476.0,219.0,31.51
Munchilicious Granola - Original : 500 gms,500.0,250.0,500 gm,Munchilicious,0.5,250.0,50.0
Munchilicious Granola - Dark Chocolate : 500 gms,650.0,325.0,500 gm,Munchilicious,0.65,325.0,50.0
Munchilicious Granola - Dried Fruits : 500 gms,650.0,325.0,500 gm,Munchilicious,0.65,325.0,50.0
True Elements Fruit & Nut Muesli : 1 kg,695.0,476.0,1 Kg,TRUE,476.0,219.0,31.51
Cadbury Dairy Milk Home Treats Chocolate : 119 gms,149.0,92.0,119 gm,Cadbury,0.77,57.0,38.26
Ferrero Rocher - 16 Pieces : 200 gms,549.0,494.0,200 gm,Ferrero,2.47,55.0,10.02
Nestle Kitkat Chocolate : 119 gms,120.0,90.0,119 gm,Nestle,0.76,30.0,25.0
Cadbury Dairy Milk Chocolate : 134 gms,130.0,95.0,134 gm,Cadbury,0.71,35.0,26.92
Cadbury Dairy Milk Silk Home Treats Chocolate : 153 gms,200.0,135.0,153 gm,Cadbury,0.88,65.0,32.5
Cadbury Dairy Milk Chocolate Bar: 50 gms,50.0,40.0,50 gm,Cadbury,0.8,10.0,20.0
Cadbury Dairy Milk Silk Fruit and Nut Chocolate Bar : 137 gms,185.0,148.0,137 gm,Cadbury,1.08,37.0,20.0
Nestle Munch Share Bag : 160.2 gms,100.0,66.0,160.2 gm,Nestle,0.41,34.0,34.0
Ferrero Rocher - 24 Pieces : 300 gms,929.0,836.0,300 gm,Ferrero,2.79,93.0,10.01
Cadbury Dairy Milk Silk Oreo Chocolate Bar: 130 gms,185.0,150.0,130 gm,Cadbury,1.15,35.0,18.92
Cadbury 5 Star Home Treats Bar : 191.9  gms,149.0,95.0,191.9 gm,Cadbury,0.5,54.0,36.24
Cadbury Dairy Milk Silk Roast Almond Bar : 143 gms,185.0,160.0,143 gm,Cadbury,1.12,25.0,13.51
Cadbury Fuse Chocolate Home Treats : 108.5 gms,120.0,75.0,108.5 gm,Cadbury,0.69,45.0,37.5
Cadbury Dairy Milk Silk Chocolate Bar : 150 gms,175.0,150.0,150 gm,Cadbury,1.0,25.0,14.29
Ferrero Rocher - 4 Pieces : 50 gms,159.0,143.0,50 gm,Ferrero,2.86,16.0,10.06
Cadbury Dairy Milk Silk Bubbly Bar : 120 gms,185.0,165.0,120 gm,Cadbury,1.38,20.0,10.81
Bounty Miniatures Chocolate : 130 gms,169.0,125.0,130 gm,Bounty,0.96,44.0,26.04
Cadbury Dairy Milk Silk Mousse Bar : 116 gms,185.0,155.0,116 gm,Cadbury,1.34,30.0,16.22
Cadbury Gems Surprise Ball : 15.8 gms,50.0,40.0,15.8 gm,Cadbury,2.53,10.0,20.0
Cadbury Perk Home Treats Chocolate : 126 gms,99.0,74.0,126 gm,Cadbury,0.59,25.0,25.25
Cadbury Dairy Milk Fruit & Nut Chocolate Bar : 80 gms,90.0,75.0,80 gm,Cadbury,0.94,15.0,16.67
Nestle Kitkat Bar 4 Finger : 36.5 gms,30.0,27.0,36.5 gm,Nestle,0.74,3.0,10.0
Snickers Veg Chocolate : 45 gms,50.0,42.0,45 gm,Snickers,0.93,8.0,16.0
Cadbury Gems MinisHome Treats Pack : 126.4  gms,100.0,75.0,126.4 gm,Cadbury,0.59,25.0,25.0
Cadbury Fuse Chocolate Bar : 45 gms,40.0,30.0,45 gm,Cadbury,0.67,10.0,25.0
Cadbury Dairy Milk Crackle Bar : 36 gms,45.0,39.0,36 gm,Cadbury,1.08,6.0,13.33
Kinder Joy Blue : 20 gms,45.0,41.0,20 gm,Kinder,2.05,4.0,8.89
Snickers Family Treat : 132 gms,175.0,135.0,132 gm,Snickers,1.02,40.0,22.86
Kinder Joy Pink : 20 gms,45.0,39.0,20 gm,Kinder,1.95,6.0,13.33
Amul Almondo Chocolate Coated Almonds : 200 gms,210.0,185.0,200 gm,Amul,0.93,25.0,11.9
Cadbury Dairy Milk Crispello Chocolate : 33 gms,35.0,30.0,33 gm,Cadbury,0.91,5.0,14.29
Nestle Kitkat : 18 gms,20.0,18.0,18 gm,Nestle,1.0,2.0,10.0
Amul Milk Chocolate : 150 gms,110.0,93.0,150 gm,Amul,0.62,17.0,15.45
Ferrero Rocher Chocolate Box: 100 gms,299.0,269.0,100 gm,Ferrero,2.69,30.0,10.03
Cadbury 5 Star Bar : 40 gms,20.0,18.0,40 gm,Cadbury,0.45,2.0,10.0
Cadbury 5 Star 3D Chocolate : 42 gms,35.0,30.0,42 gm,Cadbury,0.71,5.0,14.29
Ferrero Rocher Moments Chocolate Box: 185.6 gms,499.0,389.0,185.6 gm,Ferrero,2.1,110.0,22.04
Nestle Kitkat Chocolate : 27.5 gms,25.0,22.0,27.5 gm,Nestle,0.8,3.0,12.0
Hershey's Kisses Milk Chocolate Pouch : 108 gms,140.0,110.0,108 gm,Hershey's,1.02,30.0,21.43
Hershey's Kisses Almond Chocolate Pouch : 100.8 gms,140.0,110.0,100.8 gm,Hershey's,1.09,30.0,21.43
Snickers Butterscotch Chocolate Bar : 40 gms,60.0,45.0,40 gm,Snickers,1.13,15.0,25.0
Cadbury Gems Pouch : 25.28 gms,20.0,17.0,25.28 gm,Cadbury,0.67,3.0,15.0
Lindt Milk Ball Lindor : 200 gms,800.0,549.0,200 gm,Lindt,2.75,251.0,31.37
Luvit Chocwich White Home Delight Pouch : 160 gms,140.0,70.0,160 gm,Luvit,0.44,70.0,50.0
Cadbury Dairy Milk Bites - Chocolate Hazelnut : 40 gms,75.0,55.0,40 gm,Cadbury,1.38,20.0,26.67
Amul India Twilight Tryst Milk Chocolate : 125 gms,160.0,99.0,125 gm,Amul,0.79,61.0,38.12
Nestle Milky Bar : 22.5 gms,20.0,18.0,22.5 gm,Nestle,0.8,2.0,10.0
Cadbury Perk Choco-Coated Wafer Bar : 22 gms,10.0,9.0,22 gm,Cadbury,0.41,1.0,10.0
Bounty Chocolate : 57 gms,70.0,60.0,57 gm,Bounty,1.05,10.0,14.29
Cadbury Dairy Milk Bites - Chocolate Almond : 40 gms,75.0,59.0,40 gm,Cadbury,1.48,16.0,21.33
Luvit Loca Choco Caramel Home Delights Pack : 20x10 gms,165.0,82.0,20x10 gm,Luvit,1.48,83.0,50.3
Nestle Milky Bar Chocolate : 38 gms,20.0,18.0,38 gm,Nestle,0.47,2.0,10.0
Hershey's Kisses Cookies & Crème Chocolate Pouch : 100.8 gms,140.0,110.0,100.8 gm,Hershey's,1.09,30.0,21.43
Hershey's Blueberry & Acai Flavored Chocolate : 100 gms,150.0,120.0,100 gm,Hershey's,1.2,30.0,20.0
Luvit Luscious Roasted Almond Chocolate : 45 gms,75.0,37.0,45 gm,Luvit,0.82,38.0,50.67
Dukes Choco Safari : 250 gms,150.0,99.0,250 gm,Dukes,0.4,51.0,34.0
Galaxy Milk Chocolate With Fruit & Nut : 100 gms,150.0,99.0,100 gm,Galaxy,0.99,51.0,34.0
Luvit Smackers Lollipop Fruit Flavoured : 6x10 gms,75.0,37.0,60 gm,Luvit,0.62,38.0,50.67
Luvit Luscious Fruit & Nuts Chocolate : 45 gms,75.0,37.0,45 gm,Luvit,0.82,38.0,50.67
Didier & Frank Crunchy Hazelnut Milk Chocolate : 100 gms,279.0,139.0,100 gm,Didier,1.39,140.0,50.18
Luvit Milk Chocolate Home Pack : 18x7 gms,165.0,82.0,18x7 gm,Luvit,1.39,83.0,50.3
Kinder Creamy Milky & Crunchy : 19 gms,25.0,23.0,19 gm,Kinder,1.21,2.0,8.0
Fabelle Choco Deck Milk Chocolate - Assorted : 140 gms,200.0,100.0,140 gm,Fabelle,0.71,100.0,50.0
Kinder Joy Natoons With Surprise : 20 gms,45.0,40.0,20 gm,Kinder,2.0,5.0,11.11
Hershey's Whole Almonds Chocolate Bar : 40 gms,65.0,55.0,40 gm,Hershey's,1.38,10.0,15.38
Fabelle Choco Deck Fruit & Nut Cho: 128 gms,180.0,112.0,128 gm,Fabelle,1.38,68.0,37.78
Fabelle Choco Deck French Dessert Layered Bar : 122.5 gms,165.0,109.0,122.5 gm,Fabelle,0.89,56.0,33.94
Lindt Swiss Premium Chocolate : 350 gms,1600.0,1119.0,350 gm,Lindt,3.2,481.0,30.06
Lindt Lindor Assorted Chocolate Box : 100 gms,500.0,349.0,100 gm,Lindt,3.49,151.0,30.2
Nestle Classic Home Treat Chocolate : 120 gms,100.0,79.0,120 gm,Nestle,0.66,21.0,21.0
Kinder Joy Boys Multi Pack : 3x20 gms,130.0,89.0,3X20 gm,Kinder,0.66,41.0,31.54
Lindt Swiss Milk Chocolate : 100 gms,350.0,245.0,100 gm,Lindt,2.45,105.0,30.0
Lindt Swiss Milk Chocolate with Roasted Hazelnuts : 100 gms,350.0,245.0,100 gm,Lindt,2.45,105.0,30.0
The Belgian  Chocolate Bar No Sugar Added Dark With  Almonds : 100 gms,450.0,315.0,100 gm,The,3.15,135.0,30.0
Lindt Lindor Milk Chocolate Box : 100 gms,500.0,349.0,100 gm,Lindt,3.49,151.0,30.2
Amul Rejoice Gift Pack Chocolate : 223 gms,180.0,165.0,223 gm,Amul,0.74,15.0,8.33
The Belgian Chocolate Bar No Sugar Added Dark With Superfruit : 100 gms,450.0,315.0,100 gm,The,3.15,135.0,30.0
The Belgian Chocolate Bar No Sugar Added Milk : 100 gms,450.0,315.0,100 gm,The,3.15,135.0,30.0
The Belgian Chocolate Bar Milk Salt Caramel : 100 gms,295.0,205.0,100 gm,The,2.05,90.0,30.51
Butlers Mint Chocolate Truffle Bar : 75 gms,195.0,165.0,75 gm,Butlers,2.2,30.0,15.38
Lindt Swiss Milk Chocolate with Roasted Almonds : 100 gms,350.0,245.0,100 gm,Lindt,2.45,105.0,30.0
Kinder Creamy Milky & Crunchy : 8 x 19 gms,200.0,160.0,8U x 19 gm,Kinder,2.45,40.0,20.0
Ferrero Collection - 15 Pieces : 172 gms,799.0,679.0,172 gm,Ferrero,3.95,120.0,15.02
Parle Grand Londonderry Caramelised Milk Candy : 198 gms,50.0,39.0,198 gm,Parle,0.2,11.0,22.0
Phondaghat Amla Candy : 250 gms,170.0,85.0,250 gm,Phondaghat,0.34,85.0,50.0
Gula Gula Orange Candy : 100 gms,28.0,14.0,100 gm,Gula,0.14,14.0,50.0
Jelly Mazza Fruity Strawberry Chews : 37 gms,18.0,9.0,37 gm,Jelly,0.24,9.0,50.0
Natural's Gulkand Shahi Paan : 100 gms,80.0,40.0,100 gm,Natural's,0.4,40.0,50.0
Jelly Mazza Fruity Pops Orange : 150 gms,70.0,35.0,150 gm,Jelly,0.23,35.0,50.0
Jelly Mazza Guava Fruity Chews : 37 gms,18.0,9.0,37 gm,Jelly,0.24,9.0,50.0
Fruittella Strawberry : 36 gms,35.0,30.0,36 gm,Fruittella,0.83,5.0,14.29
Alpenliebe Gold Cream Strawberry Toffee : 144 gms,50.0,42.0,144 gm,Alpenliebe,0.29,8.0,16.0
Gula Gula Lemon Candy : 100 gms,28.0,14.0,100 gm,Gula,0.14,14.0,50.0
Jelly Mazza Fruity Pops Grape : 150 gms,70.0,35.0,150 gm,Jelly,0.23,35.0,50.0
Kopiko Cappuccino Coffee Candies : 140 gms,50.0,40.0,140 gm,Kopiko,0.29,10.0,20.0
Gula Gula Kaccha Mango Flavour : 100 gms,28.0,14.0,100 gm,Gula,0.14,14.0,50.0
Happydent Wave Sugar-Free Chewing Gum : 28.9 gms,50.0,38.0,28.9 gm,Happydent,1.31,12.0,24.0
Parle Mazelo : 198 gms,60.0,30.0,198 gm,Parle,0.15,30.0,50.0
Frumato Pulpy Fruit Chew Strawberry : 160 gms,55.0,22.0,160 gm,Frumato,0.14,33.0,60.0
Orbit Spearmint Sugar Free Chewing Gum : 22 gms,50.0,45.0,22 gm,Orbit,2.05,5.0,10.0
Wrigley's Orbit Mixed Fruit Sugar Free Chewing Gum : 22 gms,50.0,45.0,22 gm,Wrigley's,2.05,5.0,10.0
Wrigley's Double Pepper Mints : 30.4 gms,50.0,40.0,30.4 gm,Wrigley's,1.32,10.0,20.0
Chupa Chups Sour Bites Mix Fruit Soft Candy : 61.6 gms,30.0,25.0,61.6 gm,Chupa,0.41,5.0,16.67
Fruit Tella Orange : 36 gms,35.0,32.0,36 gm,Fruit,0.89,3.0,8.57
Skittles Original Candies : 90 gms,100.0,80.0,90 gm,Skittles,0.89,20.0,20.0
Parle Bigger Kacha Mango Bite Candy : 198 gms,50.0,40.0,198 gm,Parle,0.89,10.0,20.0
Happydent White Xylitol Bottle : 24.2 gms,50.0,40.0,24.2 gm,Happydent,1.65,10.0,20.0
Chupa Chups Sour Bites Mix Fruit Soft Candy : 57.6 gms,30.0,25.0,57.6 gm,Chupa,0.43,5.0,16.67
Hubba Bubba Fancy Fruit Mega Long Bubble Gum : 56 gms,220.0,187.0,56 gm,Hubba,3.34,33.0,15.0
Skittles Wild Berry Candies : 90 gms,100.0,90.0,90 gm,Skittles,1.0,10.0,10.0
Wrigley's Double Lemon Mints : 30.4 gms,50.0,39.0,30.4 gm,Wrigley's,1.28,11.0,22.0
Fox's Berries Oval Candy : 125 gms,189.0,161.0,125 gm,Fox's,1.29,28.0,14.81
Fox's Fruits Oval Candy : 125 gms,189.0,161.0,125 gm,Fox's,1.29,28.0,14.81
Gula Gula 4 Flavours Lollipop : 120 gms,50.0,29.0,120 gm,Gula,0.24,21.0,42.0
Fox's Fruity Mint Oval Candy : 125 gms,189.0,161.0,125 gm,Fox's,1.29,28.0,14.81
Fisherman's Friend Spearmint Flavour Lozenges : 25 gms,99.0,79.0,25 gm,Fisherman's,3.16,20.0,20.2
Simpkins Mixed Mint Drops : 200 gms,285.0,189.0,200 gm,Simpkins,0.94,96.0,33.68
Gula Gula 4 Flavours Lollipop : 40 gms,22.0,14.0,40 gm,Gula,0.35,8.0,36.36
Fox's Spring Tea Oval Candy : 125 gms,189.0,161.0,125 gm,Fox's,1.29,28.0,14.81
Tic Tac Saunf Flavour : 7.2 gms,15.0,13.0,7.2 gm,Tic,1.81,2.0,13.33
Morde Dark Compound (CO D15) : 400 gms,115.0,99.0,400 gm,Morde,0.25,16.0,13.91
Morde Dark Chocolate (CH D45) : 400 gms,235.0,195.0,400 gm,Morde,0.49,40.0,17.02
Morde Milk Compound (CO M21 ) : 400 gms,155.0,140.0,400 gm,Morde,0.35,15.0,9.68
Morde White Compound (CO W33) : 400 gms,180.0,166.0,400 gm,Morde,0.41,14.0,7.78
Amul Dark Chocolate : 150 gms,110.0,95.0,150 gm,Amul,0.63,15.0,13.64
Amul India Twilight Tryst Dark Chocolate : 125 gms,160.0,70.0,125 gm,Amul,0.56,90.0,56.25
Amul Fruit 'N' Nut Dark Chocolate : 150 gms,110.0,94.0,150 gm,Amul,0.63,16.0,14.55
Cadbury Bournville Rich Cocoa  50% Dark Chocolate Bar : 80 gms,110.0,90.0,80 gm,Cadbury,1.13,20.0,18.18
Cadbury Bournville Cranberry Dark Chocolate Bar : 80 gms,110.0,82.0,80 gm,Cadbury,1.02,28.0,25.45
Didier & Frank Wicked Dark 85% Dark Chocolate : 100 gms,299.0,149.0,100 gm,Didier,1.49,150.0,50.17
Didier & Frank Crunchy Hazelnut Dark Chocolate : 100 gms,299.0,149.0,100 gm,Didier,1.49,150.0,50.17
Didier & Frank Roasted Almond Dark Chocolate : 100 gms,299.0,149.0,100 gm,Didier,1.49,150.0,50.17
Didier & Frank Spanish Orange Dark Chocolate : 100 gms,299.0,125.0,100 gm,Didier,1.25,174.0,58.19
Didier & Frank Intense Dark 75% Dark Chocolate : 100 gms,299.0,149.0,100 gm,Didier,1.49,150.0,50.17
The Whole Truth 71% Dark Chocolate : 80 gms,199.0,169.0,80 gm,The,2.11,30.0,15.08
Hershey's Exotic Dark Almond Blackberry Flavor Chocolate : 90 gms,160.0,130.0,90 gm,Hershey's,1.44,30.0,18.75
The Whole Truth Hazelnut Dark Chocolate : 80 gms,249.0,199.0,80 gm,The,2.49,50.0,20.08
Lindt Excellence 90% Cocoa Dark Chocolate : 100 gms,450.0,315.0,100 gm,Lindt,3.15,135.0,30.0
Hershey's Dark Pomegranate Flavored Chocolate : 100 gms,150.0,120.0,100 gm,Hershey's,1.2,30.0,20.0
Lindt Excellence 70% Cocoa Dark Chocolate : 100 gms,400.0,280.0,100 gm,Lindt,2.8,120.0,30.0
Lindt Excellence 85% Cocoa Dark Chocolate : 100 gms,400.0,280.0,100 gm,Lindt,2.8,120.0,30.0
The Whole Truth 55% Dark Chocolate : 80 gms,199.0,150.0,80 gm,The,1.88,49.0,24.62
Lindt Excellence Intense Orange Dark Chocolate : 100 gms,400.0,280.0,100 gm,Lindt,2.8,120.0,30.0
Pascati Artisan Dark Chocolate - Raspberry & Hibiscus : 75 gms,280.0,224.0,75 gm,Pascati,2.99,56.0,20.0
Pascati Artisan Dark Chocolate - Passion Fruit & Almond : 75 gms,280.0,185.0,75 gm,Pascati,2.47,95.0,33.93
Kissan Tomato Ketchup : 1.1 kgs,150.0,94.0,1.1 kg,Kissan,85.45,56.0,37.33
Home Chef Tomato Ketchup : 1 kg,125.0,62.0,1 kg,Home,62.0,63.0,50.4
Del Monte Tomato Ketchup : 900 gms,130.0,72.0,900 gm,Del,0.08,58.0,44.62
Maggi Rich Tomato Ketchup : 970 gms,160.0,135.0,970 gm,Maggi,0.14,25.0,15.62
Surabhi D-Lite Tomato Ketchup No Onion No Garlic : 900 gms,135.0,67.0,900 gm,Surabhi,0.07,68.0,50.37
Veeba Tomato Ketchup : 900 gms,99.0,79.0,900 gm,Veeba,0.09,20.0,20.2
Maggi Tomato Ketchup Pichkoo : 75 gms,15.0,14.0,75 gm,Maggi,0.19,1.0,6.67
Veeba Truly Tomato Ketchup Bottle : 1 kg,155.0,99.0,1 kg,Veeba,99.0,56.0,36.13
Home Chef Tomato Ketchup No Onion No Garlic : 900 gms,120.0,60.0,900 gm,Home,99.0,60.0,50.0
Maggi Hot & Sweet Tomato Chilli Sauce : 1 kg,180.0,155.0,1 kg,Maggi,155.0,25.0,13.89
Kissan Tomato Sauce - No Onion No Garlic : 850 gms,130.0,110.0,850 gm,Kissan,0.13,20.0,15.38
Ching's Dark Soy Sauce : 200 gms,60.0,49.0,200 gm,Ching's,0.24,11.0,18.33
Wingreens Pizza & Pasta Sauce : 450 gms,149.0,74.0,450 gm,Wingreens,0.16,75.0,50.34
Ching's Red Chilli Sauce : 200 gms,60.0,45.0,200 gm,Ching's,0.23,15.0,25.0
Maggi Rich Tomato No Onion No Garlic Sauce : 970 gms,175.0,160.0,970 gm,Maggi,0.16,15.0,8.57
Funfoods Pasta & Pizza Sauce : 315 gms,99.0,89.0,315 gm,Funfoods,0.28,10.0,10.1
Wingreens Cheesy Sauce : 450 gms,199.0,99.0,450 gm,Wingreens,0.22,100.0,50.25
Ching's Green Chilli Sauce : 190 gms,60.0,45.0,190 gm,Ching's,0.24,15.0,25.0
Veeba Pasta & Pizza Sauce : 280 gms,89.0,70.0,280 gm,Veeba,0.25,19.0,21.35
Knorr Schezwan Sauce Pouch : 200 gms,70.0,53.0,200 gm,Knorr,0.27,17.0,24.29
Knorr Pizza & Pasta Sauce Pouch : 200 gms,65.0,50.0,200 gm,Knorr,0.25,15.0,23.08
Wingreens Schezwan Chilli Garlic Sauce : 450 gms,149.0,94.0,450 gm,Wingreens,0.21,55.0,36.91
Veeba Schezwan Stir-Fry Sauce : 250 gms,90.0,67.0,250 gm,Veeba,0.27,23.0,25.56
Tabasco Red Pepper Sauce : 60 ml,269.0,209.0,60 ml,Tabasco,3.48,60.0,22.3
Wingreens Mexican Salsa : 450 gms,149.0,74.0,450 gm,Wingreens,0.16,75.0,50.34
Wingreens Tandoori Sauce Tube : 180 gms,99.0,75.0,180 gm,Wingreens,0.42,24.0,24.24
Wingreens Honey Mustard Tube : 180 gms,119.0,75.0,180 gm,Wingreens,0.42,44.0,36.97
Sriracha Hot Chili Sauce : 481 gms,730.0,619.0,481 gm,Sriracha,1.29,111.0,15.21
Barilla Olive With 100% Italian Tomatoes : 400 gms,499.0,399.0,400 gm,Barilla,1.0,100.0,20.04
American Garden BBQ Sauce Original : 510 gms,445.0,355.0,510 gm,American,0.7,90.0,20.22
Amul Cheese Sauce Pizza : 200 gms,100.0,93.0,200 gm,Amul,0.47,7.0,7.0
American Garden Pizza Sauce Jar : 397 gms,349.0,310.0,397 gm,American,0.78,39.0,11.17
Tabasco Mild Green Pepper Sauce : 60 ml,349.0,299.0,60 ml,Tabasco,4.98,50.0,14.33
Prasuma Original Momo Sauce : 200 gms,109.0,80.0,200 GM,Prasuma,0.4,29.0,26.61
Ragu Traditional Pasta Sauce : 680 gms,475.0,380.0,680 gm,Ragu,0.56,95.0,20.0
Amul Cheese Sauce Mexican Salsa : 200 gms,100.0,93.0,200 gm,Amul,0.47,7.0,7.0
Ragu Pizza Sauce : 360 gms,275.0,220.0,360 gm,Ragu,0.61,55.0,20.0
Prasuma Spicy Momo Sauce : 200 gms,119.0,90.0,200 GM,Prasuma,0.45,29.0,24.37
Ragu Traditional Pasta Sauce : 396 gms,295.0,236.0,396 gm,Ragu,0.6,59.0,20.0
Nando's Peri Peri Hot Sauce : 250 gms,390.0,312.0,250 gm,Nando's,1.25,78.0,20.0
Ragu Garden Combination Chunky Sauce : 680 gms,475.0,380.0,680 gm,Ragu,0.56,95.0,20.0
Nando's Peri Peri XX Hot Sauce : 250 gms,390.0,320.0,250 gm,Nando's,1.28,70.0,17.95
Nando's Peri Peri Medium Sauce : 250 gms,390.0,312.0,250 gm,Nando's,1.25,78.0,20.0
Nando's Peri Peri Lemon & Herb Sauce : 250 gms,390.0,312.0,250 gm,Nando's,1.25,78.0,20.0
Nando's Peri Peri Garlic Sauce : 250 gms,390.0,310.0,250 gm,Nando's,1.24,80.0,20.51
Sriracha Hot Chili Sauce : 255 gms,435.0,379.0,255 gm,Sriracha,1.49,56.0,12.87
Kikkoman Soy Sauce : 500 ml,270.0,210.0,500 ml,Kikkoman,0.42,60.0,22.22
Ching's Schezwan Chutney : 590 gms,180.0,129.0,590 gm,Ching's,0.22,51.0,28.33
Ruchira Special Khatti Mithhi Imli Chutney : 200 gms,35.0,30.0,200 gm,Ruchira,0.15,5.0,14.29
Mothers Recipe Desi Schezwan Chutney : 250 gms,90.0,45.0,250 gm,Mothers,0.18,45.0,50.0
Ruchira Special Chaupati Pani Puri Chutney : 200 gms,42.0,37.0,200 gm,Ruchira,0.18,5.0,11.9
Pravin Red Chilli Thecha Kolhapuri Style : 100 gms,30.0,27.0,100 gm,Pravin,0.27,3.0,10.0
Ching's Dragon Fire Chutney : 250 gms,90.0,70.0,250 gm,Ching's,0.28,20.0,22.22
Ching's Schezwan Chutney : 145 gms,45.0,35.0,145 gm,Ching's,0.24,10.0,22.22
Borges Apple Cider Vinegar With The Mother : 355 ml,400.0,279.0,355 ml,Borges,0.79,121.0,30.25
Ching's Chilli Vinegar : 170 ml,50.0,46.0,170 ml,Ching's,0.27,4.0,8.0
Kalvert White Vinegar : 750 ml,50.0,38.0,750 ml,Kalvert,0.05,12.0,24.0
American Garden Apple Cider Vinegar : 473 ml,349.0,289.0,473 ml,American,0.61,60.0,17.19
Kalvert Red Vinegar : 750 ml,50.0,42.0,750 ml,Kalvert,0.06,8.0,16.0
Bragg Organic Apple Cider Vinegar With Mother : 473 ml,780.0,589.0,473 ml,Bragg,1.25,191.0,24.49
Borges Balsamic Vinegar : 250 ml,295.0,239.0,250 gm,Borges,0.96,56.0,18.98
Kissan Mixed Fruit Jam : 700 gms,250.0,155.0,700 gm,Kissan,0.22,95.0,38.0
Mala's Jambo Mix Fruit Jam Jar : 1 kg,185.0,92.0,1 Kg,Mala's,92.0,93.0,50.27
Meal Time Mixed Fruit Jam : 1 kg,189.0,92.0,1 kg,Meal,92.0,97.0,51.32
Mackays Scottish Strawberry Preserve : 340 gms,475.0,332.0,340 gm,Mackays,0.98,143.0,30.11
Dana Mixed Fruit Jam : 340 gms,325.0,260.0,340 gm,Dana,0.76,65.0,20.0
Mackays Scottish Three Berry Preserve : 340 gms,475.0,332.0,340 gm,Mackays,0.98,143.0,30.11
Nutella Ferrero Spread With Cocoa : 350 gms,399.0,329.0,350 gm,Nutella,0.94,70.0,17.54
Hershey's Choco Spreads Cocoa With Almond : 350 gms,320.0,220.0,350 gm,Hershey's,0.63,100.0,31.25
Veeba Peanut Crunchy Butter : 925 gms,299.0,189.0,925 gm,Veeba,0.2,110.0,36.79
Funfoods Peanut Butter Crunchy : 340 gms,139.0,126.0,340 gm,Funfoods,0.37,13.0,9.35
Hershey's Choco Spreads Cocoa : 300 gms,320.0,239.0,300 gm,Hershey's,0.8,81.0,25.31
Funfoods Peanut Butter Creamy : 340 gms,139.0,134.0,340 gm,Funfoods,0.39,5.0,3.6
Veeba Peanut Creamy Butter : 925 gms,299.0,189.0,925 gm,Veeba,0.2,110.0,36.79
Hershey's Spreads Cocoa With Cookies : 350 gms,345.0,244.0,350 gm,Hershey's,0.7,101.0,29.28
Veeba Cheese & Chili Sandwich Spread : 250 gms,99.0,89.0,250 gm,Veeba,0.36,10.0,10.1
Pintola Peanut Butter Crunchy Unsweetened : 1 kg,449.0,404.0,1 kg,Pintola,404.0,45.0,10.02
Pintola Peanut Butter Creamy Unsweetened : 1 kg,449.0,404.0,1 kg,Pintola,404.0,45.0,10.02
Pillsbury Milk Choco Spread Jar : 290 gms,350.0,175.0,290 gm,Pillsbury,0.6,175.0,50.0
Funfoods Sandwich Spread - Cheese & Chilli : 250 gms,89.0,74.0,250 gm,Funfoods,0.3,15.0,16.85
The Whole Truth Dark Chocolate Peanut Butter Creamy : 325 gms,235.0,199.0,325 gm,The,0.61,36.0,15.32
The Whole Truth Dark Chocolate Peanut Butter Crunchy : 325 gms,235.0,180.0,325 gm,The,0.55,55.0,23.4
Kissan Hazelnut Choco Peanut Spread : 350 gms,239.0,195.0,350 gm,Kissan,0.56,44.0,18.41
Pintola Peanut Butter - Crunchy Organic Jaggery : 1 kg,699.0,629.0,1 kg,Pintola,629.0,70.0,10.01
Pintola Peanut Butter - Creamy Organic Jaggery : 1 kg,699.0,629.0,1 kg,Pintola,629.0,70.0,10.01
Lotus Biscoff Original Spread : 400 gms,649.0,529.0,400 gm,Lotus,1.32,120.0,18.49
Veeba Cheesy Melt Cheddar : 200 gms,89.0,59.0,200 gm,Veeba,0.29,30.0,33.71
Kissan Crunchy Peanut Butter : 350 gms,175.0,145.0,350 gm,Kissan,0.41,30.0,17.14
Dabur Honey : 1.3 kgs,610.0,369.0,1.3 kg,Dabur,283.85,241.0,39.51
Dabur Honey Squeezy Pack : 400 gms,399.0,249.0,400 gm,Dabur,0.62,150.0,37.59
Patanjali Honey : 1 kg,410.0,330.0,1 kg,Patanjali,330.0,80.0,19.51
Dabur Honey : 500 gms,240.0,190.0,500 gm,Dabur,0.38,50.0,20.83
Apis Himalaya Honey : 950 gms,499.0,249.0,950 gm,Apis,0.26,250.0,50.1
Saffola Honey Glass Jar : 1 kg,495.0,247.0,1 kg,Saffola,247.0,248.0,50.1
Phondaghat Honey : 1.5 kgs,730.0,469.0,1.5 kg,Phondaghat,312.67,261.0,35.75
Baidyanath Honey : 1 kg,475.0,237.0,1 kg,Baidyanath,237.0,238.0,50.11
24 Mantra Organic Wild Honey : 250 gms,150.0,125.0,250 gm,24,0.5,25.0,16.67
Saffola Honey : 1 kg,495.0,247.0,1 kg,Saffola,247.0,248.0,50.1
Organic India Multi Floral Honey : 250 gms,225.0,190.0,250 gm,Organic,0.76,35.0,15.56
Funfoods Veg Mayonnaise Original : 1.1 kgs,269.0,189.0,1.1 kg,Funfoods,171.82,80.0,29.74
Veeba Eggless Mayonnaise : 1.2 kgs,265.0,149.0,1.2 kg,Veeba,124.17,116.0,43.77
Hellmann's Real Mayonnaise : 800 gms,195.0,150.0,800 gm,Hellmann's,0.19,45.0,23.08
Wingreens Premium Veg Mayo : 800 gms,225.0,112.0,800 gm,Wingreens,0.14,113.0,50.22
Funfoods Veg Mayonnaise : 120 gms,50.0,43.0,120 gm,Funfoods,0.36,7.0,14.0
Del Monte Eggless Mayo Pouch : 900 gms,219.0,149.0,900 gm,Del,0.17,70.0,31.96
Dr. Oetker Funfoods Veg Mayonnaise : 750 gms,179.0,98.0,750 gm,Dr.,0.13,81.0,45.25
Funfoods Veg Mayonnaise - Garlic : 250 gms,89.0,79.0,250 gm,Funfoods,0.32,10.0,11.24
Veeba Eggless Tandoori Mayonnaise : 250 gms,99.0,69.0,250 gm,Veeba,0.28,30.0,30.3
Hellmann's Real Mayonnaise : 250 gms,90.0,79.0,250 gm,Hellmann's,0.32,11.0,12.22
Funfoods Eggless Mayonnaise for Burger : 250 gms,89.0,79.0,250 gm,Funfoods,0.32,10.0,11.24
Wingreens Italian Herb Mayo : 450 gms,199.0,134.0,450 gm,Wingreens,0.3,65.0,32.66
Veeba Chipotle Southwest Dressing : 300 gms,175.0,155.0,300 gm,Veeba,0.52,20.0,11.43
Veeba Thousand Island Dressing : 300 gms,155.0,138.0,300 gm,Veeba,0.46,17.0,10.97
Funfoods Pizza Topping : 315 gms,99.0,89.0,315 gm,Funfoods,0.28,10.0,10.1
Veeba Peri Peri Sauce : 300 gms,175.0,155.0,300 gm,Veeba,0.52,20.0,11.43
Veeba Cheese & Jalapeno Dip : 300 gms,165.0,131.0,300 gm,Veeba,0.44,34.0,20.61
American Garden U.S. Mustard Sauce : 227 gms,250.0,199.0,227 gm,American,0.88,51.0,20.4
Funfoods Eggless Sandwich Spread - Cucumber & Carrot : 250 gms,89.0,79.0,250 gm,Funfoods,0.32,10.0,11.24
Dana Raspberry Preserve : 340 gms,325.0,245.0,340 gm,Dana,0.72,80.0,24.62
Maggi 2-Minute Masala Noodles : 560 gms,112.0,87.0,560 gm,Maggi,0.16,25.0,22.32
Maggi Masala Veg Atta Noodles : 435 gms,168.0,134.0,435 gm,Maggi,0.31,34.0,20.24
Sunfeast Yippee Noodles Magic Masala: 480 gms,105.0,75.0,480 gm,Sunfeast,0.16,30.0,28.57
Top Ramen Masala Noodles : 480 gms,105.0,70.0,480 gm,Top,0.15,35.0,33.33
Nissin Geki Hot & Spicy Korean Veg Flavour Noodles : 80 gms,49.0,29.0,80 gm,Nissin,0.36,20.0,40.82
Maggi No Onion No Garlic Masala Noodles : 70 gms,20.0,18.0,70 gm,Maggi,0.26,2.0,10.0
Maggi Special Masala Noodles : 70 gms,20.0,18.0,70 gm,Maggi,0.26,2.0,10.0
Nissin Geki Hot & Spicy Korean Chicken Flavour Noodles : 80 gms,49.0,29.0,80 gm,Nissin,0.36,20.0,40.82
Slurrp Farm Foxtail Millet Noodles : 192 gms,129.0,64.0,192 gm,Slurrp,0.33,65.0,50.39
Slurrp Farm Little Millet Noodles : 192 gms,129.0,64.0,192 gm,Slurrp,0.33,65.0,50.39
Wai Wai Xpress Masala Delight Noodles : 440 gms,120.0,60.0,440 gm,Wai,0.14,60.0,50.0
Nongshim Shin Ramyun Korean Style Noodles : 120 gms,129.0,95.0,120 gm,Nongshim,0.79,34.0,26.36
Ching's Schezwan Instant Noodles : 240 gms,80.0,49.0,240 gm,Ching's,0.2,31.0,38.75
Maggi Masala Cuppa Noodles : 70 gms,50.0,45.0,70 gm,Maggi,0.64,5.0,10.0
Cup Noodles Mazedaar Masala Delicious Masala Flavour : 50 gms,35.0,27.0,50 gm,Cup,0.54,8.0,22.86
Cup Noodles Spiced Chicken Spicy Chunky Chicken : 50 gms,35.0,27.0,50 gm,Cup,0.54,8.0,22.86
Maggi 2-Minute Spicy Garlic Noodles : 62 gms,20.0,18.0,62 gm,Maggi,0.29,2.0,10.0
Cup Noodles Veggi Manchow Spicy Vegetable Flavour : 50 gms,35.0,27.0,50 gm,Cup,0.54,8.0,22.86
Ching's Manchurian Instant Noodles : 240 gms,80.0,49.0,240 gm,Ching's,0.2,31.0,38.75
Ching's Hot Garlic Instant Noodles : 240 gms,80.0,49.0,240 gm,Ching's,0.2,31.0,38.75
Maggi 2-Minute Spicy Manchurian Noodles :  61 gms,20.0,18.0,61 gm,Maggi,0.3,2.0,10.0
Saffola Oodles Yummy Masala : 184 gms,100.0,69.0,184 gm,Saffola,0.38,31.0,31.0
Sunfeast Yippee Power Up Masala Atta Noodles : 280 gms,112.0,56.0,280 gm,Sunfeast,0.2,56.0,50.0
Nongshim Shin Red Super Spicy Korean Style Noodles : 120 gms,129.0,99.0,120 gm,Nongshim,0.82,30.0,23.26
Nongshim Kimchi Ramyun Korean Style Noodles : 120 gms,129.0,106.0,120 gm,Nongshim,0.88,23.0,17.83
Slurrp Farm Curry Masala Noodles : 192 gms,129.0,64.0,192 gm,Slurrp,0.33,65.0,50.39
Inchi Veg Chow Mein Noodles : 150 gms,40.0,20.0,150 gm,Inchi,0.13,20.0,50.0
Blue Dragon Instant Noodle Thai Sweet Chili Noodles Cup : 70 gms,109.0,65.0,70 gm,Blue,0.93,44.0,40.37
Blue Dragon Instant Noodle Thai Tom Yum Noodles Cup : 60 gms,109.0,65.0,60 gm,Blue,1.08,44.0,40.37
Ching's Veg Hakka Noodles : 140 gms,30.0,25.0,140 gm,Ching's,0.18,5.0,16.67
Inchi Veg Hakka Noodles : 900 gms,220.0,110.0,900 gm,Inchi,0.12,110.0,50.0
Borges Penne Rigate Durum Wheat Pasta : 500 gms,299.0,128.0,500 gm,Borges,0.26,171.0,57.19
Maggi Pazzta Cheese Macaroni : 70 gms,32.0,29.0,70 gm,Maggi,0.41,3.0,9.38
Borges Fusilli Durum Wheat Pasta : 500 gms,299.0,140.0,500 gm,Borges,0.28,159.0,53.18
Maggi Pazzta Masala Penne : 65 gms,32.0,28.0,65 gm,Maggi,0.43,4.0,12.5
Borges Spaghetti Durum Wheat Pasta : 500 gms,299.0,140.0,500 gm,Borges,0.28,159.0,53.18
Blue Bird Penne Pasta : 500 gms,135.0,67.0,500 gm,Blue,0.13,68.0,50.37
Blue Bird Elbow Macaroni Pasta : 500 gms,135.0,67.0,500 gm,Blue,0.13,68.0,50.37
Home Chef Pasta Macaroni Elbow : 400 gms,45.0,37.0,400 gm,Home,0.09,8.0,17.78
Maggi Pazzta Tomato Twist : 64 gms,32.0,29.0,64 gm,Maggi,0.45,3.0,9.38
Home Chef Pasta Penne : 500 gms,100.0,54.0,500 gm,Home,0.11,46.0,46.0
Borges Farfalle Durum Wheat Pasta : 500 gms,299.0,149.0,500 gm,Borges,0.3,150.0,50.17
Borges Mini Penne Rigate Durum Wheat Pasta : 350 gms,160.0,99.0,350 gm,Borges,0.28,61.0,38.12
Sunfeast Yippee Masala Pasta : 65 gms,28.0,21.0,65 gm,Sunfeast,0.32,7.0,25.0
Blue Bird Fusilli Pasta : 500 gms,135.0,67.0,500 gm,Blue,0.13,68.0,50.37
Borges Mini Fusilli Durum Wheat Pasta : 350 gms,160.0,109.0,350 gm,Borges,0.31,51.0,31.87
Sunfeast Yippee Creamy Corn Tricolor Pasta : 65 gms,28.0,23.0,65 gm,Sunfeast,0.35,5.0,17.86
Sunfeast Yippee Pasta Cheese : 65 gms,28.0,20.0,65 gm,Sunfeast,0.31,8.0,28.57
Barilla Penne Rigate : 500 gms,329.0,278.0,500 gm,Barilla,0.56,51.0,15.5
Pink Harvest Farms Chickpea Fusilli Pasta : 200 gms,295.0,147.0,200 gm,Pink,0.73,148.0,50.17
Pink Harvest Farms Red Lentil Penne Pasta : 200 gms,295.0,147.0,200 gm,Pink,0.73,148.0,50.17
Borges Macaroni Durum Wheat Pasta : 350 gms,160.0,69.0,350 gm,Borges,0.2,91.0,56.88
Barilla Fusilli Pasta : 500 gms,329.0,264.0,500 gm,Barilla,0.53,65.0,19.76
Home Chef Pasta Fusilli : 500 gms,100.0,54.0,500 gm,Home,0.53,46.0,46.0
Borges Linguine Durum Wheat Pasta : 500 gms,299.0,149.0,500 gm,Borges,0.3,150.0,50.17
Barilla Farfalle : 500 gms,329.0,259.0,500 gm,Barilla,0.52,70.0,21.28
MTR Vermicelli : 850 gms,87.0,60.0,850 gm,MTR,0.07,27.0,31.03
Home Chef Vermicelli : 850 gms,80.0,55.0,850 gm,Home,0.06,25.0,31.25
Bambino Roasted Vermicelli : 400 gms,70.0,58.0,400 gm,Bambino,0.14,12.0,17.14
Home Chef Roasted Vermicelli : 850 gms,95.0,65.0,850 gm,Home,0.08,30.0,31.58
Bambino Vermicelli : 400 gms,45.0,38.0,400 gm,Bambino,0.1,7.0,15.56
Premium Seviyan Roasted : 450 gms,100.0,50.0,450 gm,Premium,0.11,50.0,50.0
Concord Rice Sevai : 475 gms,110.0,95.0,475 gm,Concord,0.2,15.0,13.64
MTR Roasted Vermicelli : 400 gms,58.0,48.0,400 gm,MTR,0.12,10.0,17.24
Ganesh Bikaneri Special Moong Papad : 400 gms,180.0,155.0,400 gm,Ganesh,0.39,25.0,13.89
Ganesh Chana Masala Papad : 250 gms,145.0,115.0,250 gm,Ganesh,0.46,30.0,20.69
Home Chef Udad Papad : 200 gms,75.0,39.0,200 gm,Home,0.2,36.0,48.0
Mother's Recipe Potato Papad : 70 gms,34.0,22.0,70 gm,Mother's,0.31,12.0,35.29
Bikaneri Mahesh Papad : 800 gms,450.0,225.0,800 gm,Bikaneri,0.28,225.0,50.0
Ganesh Punjabi Masala Papad : 250 gms,145.0,114.0,250 gm,Ganesh,0.46,31.0,21.38
Ganesh Rice Crispie Jeera Papad : 150 gms,40.0,35.0,150 gm,Ganesh,0.23,5.0,12.5
Ganesh Appalam Papad : 180 gms,99.0,49.0,180 gm,Ganesh,0.27,50.0,50.51
Jain Moong Sada Papad : 500 gms,200.0,145.0,500 gm,Jain,0.29,55.0,27.5
Ganesh Udad Papad : 180 gms,80.0,63.0,180 gm,Ganesh,0.35,17.0,21.25
Home Chef Mini Udad Papad : 200 gms,75.0,39.0,200 gm,Home,0.2,36.0,48.0
Home Chef Punjabi Masala Papad : 200 gms,84.0,45.0,200 Gm,Home,0.23,39.0,46.43
Shiv Shakti's Bulbul Fryums : 200 gms,40.0,20.0,200 gm,Shiv,0.1,20.0,50.0
Ganesh Garlic Papad : 180 gms,80.0,70.0,180 gm,Ganesh,0.39,10.0,12.5
Shiv Shakti's Tikha Potato Papad : 100 gms,44.0,22.0,100 gm,Shiv,0.22,22.0,50.0
Jain DLS Chana Masala Papad : 400 gms,198.0,99.0,400 gm,Jain,0.25,99.0,50.0
Home Chef Udad Papad : 500 gms,155.0,95.0,500 gm,Home,0.19,60.0,38.71
Ganesh Mini Udad Papad : 180 gms,99.0,49.0,180 gm,Ganesh,0.27,50.0,50.51
Talod Dahiwada Mix : 500 gms,150.0,125.0,500 gm,Talod,0.25,25.0,16.67
Ganesh Rice Crispie Garlic Papad : 150 gms,40.0,35.0,150 gm,Ganesh,0.23,5.0,12.5
Shiv Shakti's Plain Potato Papad : 100 gms,44.0,22.0,100 gm,Shiv,0.22,22.0,50.0
Gits Gulab Jamun : 200 gms,115.0,85.0,200 gm,Gits,0.42,30.0,26.09
Dabur Hommade Coconut Milk : 200 ml,75.0,69.0,200 ml,Dabur,0.34,6.0,8.0
MTR Rava Idli Mix : 1 kg,250.0,175.0,1 kg,MTR,175.0,75.0,30.0
Chitale Bandhu Instant Gulab Jamun Mix : 200 gms,93.0,85.0,200 gm,Chitale,0.42,8.0,8.6
MTR Gulab Jamun Mix : 160 gms,150.0,75.0,160 gm,MTR,0.47,75.0,50.0
Talod Nylon Khaman Mix Flour : 500 gms,125.0,110.0,500 gm,Talod,0.22,15.0,12.0
Betty Crocker Complete Pancake Mix : 500 gms,260.0,190.0,500 gm,Betty,0.38,70.0,26.92
Agrawal's 420 Moong Bhajiya (Pakodi) Instant Mix : 300 gms,154.0,75.0,300 gm,Agrawal's,0.25,79.0,51.3
Talod Handwa Mix Flour : 500 gms,115.0,96.0,500 gm,Talod,0.19,19.0,16.52
Chitale Khaman Mix : 200 gms,47.0,42.0,200 Gm,Chitale,0.21,5.0,10.64
Malgudi Idli Dosa Batter : 1 kg,90.0,49.0,1 kg,Malgudi,0.05,41.0,45.56
Gits Khaman Dhokla Mix : 180 gms,75.0,59.0,180 gm,Gits,0.33,16.0,21.33
Slurrp Farm Chocolate Millet Pancake Mix : 150 gms,149.0,99.0,150 gm,Slurrp,0.66,50.0,33.56
Slurrp Farm Millet Pancake Mix Banana Choco-Chip : 150 gms,149.0,104.0,150 gm,Slurrp,0.69,45.0,30.2
MTR 3 Minute Breakfast Regular Poha : 60 gms,27.0,17.0,60 gm,MTR,0.28,10.0,37.04
MTR Dosa Mix : 500 gms,135.0,95.0,500 gm,MTR,0.19,40.0,29.63
MTR Khaman Dhokla : 500 gms,150.0,99.0,500 gm,MTR,0.2,51.0,34.0
MTR Multigrain Dosa Mix : 500 gms,170.0,135.0,500 gm,MTR,0.27,35.0,20.59
ID Idly & Dosa Batter Mix : 1 Kg,90.0,75.0,1 kg,ID,75.0,15.0,16.67
Talod Nylon Khaman Mix Flour : 200 gms,60.0,55.0,200 gm,Talod,0.28,5.0,8.33
MTR 3 Minute Breakfast Vegetable Upma : 60 gms,27.0,17.0,60 gm,MTR,0.28,10.0,37.04
Gits Basundi Mix : 125 gms,99.0,78.0,125 gm,Gits,0.62,21.0,21.21
Jalani Mini Pani Puri Magic : 160 gms,90.0,45.0,160 gm,Jalani,0.28,45.0,50.0
Daawat Hyderabadi Biryani Kit : 334 gms,149.0,99.0,334 gm,Daawat,0.3,50.0,33.56
MTR Upma Mix : 160 gms,55.0,48.0,160 gm,MTR,0.3,7.0,12.73
Gits Kheer Mix Vermicelli : 100 gms,75.0,60.0,100 gm,Gits,0.6,15.0,20.0
MTR Vada Mix : 500 gms,200.0,149.0,500 gm,MTR,0.3,51.0,25.5
Gits Rabdi Mix : 100 gms,99.0,78.0,100 gm,Gits,0.78,21.0,21.21
Et-Mi Basundi Mix : 100 gms,80.0,40.0,100 gm,Et-Mi,0.4,40.0,50.0
Agrawal's 420 Khaman Dhokla Instant Mix : 400 gms,143.0,71.0,400 gms,Agrawal's,0.18,72.0,50.35
Harnik Caramel Pudding Mix : 90 gms,50.0,45.0,90 gm,Harnik,0.5,5.0,10.0
Chitale Bandhu Gulabjam : 500 gms,160.0,148.0,500 gm,Chitale,0.3,12.0,7.5
Yu Three Cheese Pasta Instant Food : 65 gms,95.0,47.0,65 gm,Yu,0.72,48.0,50.53
Yu Chilli Manchurian Cup Noodles : 70 gms,65.0,32.0,70 gm,Yu,0.46,33.0,50.77
Real Thai Green Curry Paste : 50 gms,75.0,57.0,50 gm,Real,1.14,18.0,24.0
ID Malabar Parota : 5 Pieces,90.0,80.0,5 pcs,ID,16.0,10.0,11.11
Real Thai Red Curry Paste : 50 gms,75.0,49.0,50 gm,Real,0.98,26.0,34.67
Brown & Polson Custard Powder - Vanilla : 100 gms,40.0,37.0,100 gm,Brown,0.37,3.0,7.5
Ruchiyana Kharwas Premix Powder : 50gm,90.0,80.0,50 gm,Ruchiyana,1.6,10.0,11.11
Pillsbury Rich Choco Oven Cake Mix Egg-Free : 270 gms,224.0,184.0,270 gm,Pillsbury,0.68,40.0,17.86
Pillsbury Choco Cooker Cake Mix : 159 gms,135.0,99.0,159 gm,Pillsbury,0.62,36.0,26.67
Blue Bird Active Dry Yeast : 25 gms,36.0,32.0,25 gm,Blue,1.28,4.0,11.11
Blue Bird Custard Powder Vanilla : 100 gms,40.0,30.0,100 gm,Blue,0.3,10.0,25.0
Pillsbury Vanilla Flavoured Custard Powder : 100 gms,44.0,32.0,100 gm,Pillsbury,0.32,12.0,27.27
Daawat Lucknowi Biryani Kit : 334 gms,149.0,99.0,334 gm,Daawat,0.3,50.0,33.56
ID Homestyle Whole Wheat Paratha : 6 Pieces,75.0,65.0,6 Pcs,ID,10.83,10.0,13.33
Blue Bird Strawberry Flavour Veg Jelly Crystals : 100 gms,55.0,45.0,100 gm,Blue,0.45,10.0,18.18
Satyam Rajgira Puff : 100 gms,53.0,49.0,100 gm,Satyam,0.49,4.0,7.55
Betty Crocker Complete Buttermilk Pancake Mix : 500 gms,295.0,215.0,500 gm,Betty,0.43,80.0,27.12
Blue Bird Jelly Crystals Raspberry : 100 gms,55.0,45.0,100 gm,Blue,0.45,10.0,18.18
Et-Mi Falooda Mix Kesar Flavour : 200 gms,75.0,37.0,200 gm,Et-Mi,0.18,38.0,50.67
Chitale Instant Basundi Mix : 200 gms,105.0,97.0,200 gm,Chitale,0.48,8.0,7.62
Yu Bombay Rava Upma Instant Breakfast : 55 gms,65.0,32.0,55 gm,Yu,0.58,33.0,50.77
Talod Gota Mix Flour : 500 gms,118.0,99.0,500 gm,Talod,0.2,19.0,16.1
Et-Mi Falooda Mix Rose Flavour : 200 gms,75.0,37.0,200 gm,Et-Mi,0.18,38.0,50.67
Et-Mi Falooda Mix Strawberry Flavour : 200 gms,75.0,37.0,200 gm,Et-Mi,0.18,38.0,50.67
Moments Falooda Mix Kesar : 200 gms,80.0,40.0,200 gm,Moments,0.2,40.0,50.0
Blue Bird Chine Grass Strawberry : 100 gms,55.0,45.0,100 gm,Blue,0.45,10.0,18.18
Moments Falooda Mix Rose : 200 gms,80.0,40.0,200 gm,Moments,0.2,40.0,50.0
Blue Bird China Grass Kesar Pista : 100 gms,55.0,45.0,100 gm,Blue,0.45,10.0,18.18
Betty Crocker Triple Choco Brownie Mix : 425 gms,390.0,305.0,425 gm,Betty,0.72,85.0,21.79
Blue Bird Instant China Grass Milk Jelly Vanilla : 100 gms,55.0,45.0,100 gm,Blue,0.45,10.0,18.18
Blue Bird Custard Powder Raspberry : 100 gms,40.0,35.0,100 gm,Blue,0.35,5.0,12.5
Blue Bird Custard Powder Strawberry : 100 gms,40.0,35.0,100 gm,Blue,0.35,5.0,12.5
Bedekar Instant Chakli Bhajni :  500 gms,150.0,75.0,500 gm,Bedekar,0.15,75.0,50.0
Bedekar Besan Ladoo Mix : 500 gms,175.0,158.0,500 gm,Bedekar,0.32,17.0,9.71
Colombian Brew Instant Coffee Original : 100 gms,299.0,149.0,100 gm,Colombian Brew Instant,1.49,150.0,50.17
Colombian Brew Instant Coffee Nutty Hazelnut : 100 gms,399.0,199.0,100 gm,Colombian Brew Instant,1.99,200.0,50.13
Colombian Brew Instant Coffee Double Chocolate Mocha : 100 gms,399.0,199.0,100 gm,Colombian Brew,1.99,200.0,50.13
Colombian Brew Instant Coffee Wild Vanilla : 100 gms,399.0,199.0,100 gm,Colombian,1.99,200.0,50.13
Colombian Brew Instant Coffee Creamy Caramel : 100 gms,399.0,199.0,100 gm,Colombian Brew Instant,1.99,200.0,50.13
Twinings Pure Green Tea : 100 Tea-Bags,999.0,820.0,100 Bags,Twinings,8.2,179.0,17.92
Twinings Green Tea & Lemon : 100 Tea-Bags,999.0,849.0,100 Bags,Twinings,8.49,150.0,15.02
Twinings Green Tea Lemon & Honey : 100 Tea-Bags,999.0,899.0,100 Bags,Twinings,8.99,100.0,10.01
Twinings Green Tea & Lemon : 25 Tea-Bags,314.0,272.0,25 Bags,Twinings,10.88,42.0,13.38
Twinings Origins Darjeeling Tea : 25 Tea-Bags,314.0,275.0,25 Bags,Twinings,11.0,39.0,12.42
Veeba Salsa Tomato Sauce : 360 gms,149.0,119.0,360 gm,Veeba,0.33,30.0,20.13
Cadbury Choclairs Gold Pouch : 520 gms,200.0,160.0,520 gm,Cadbury,0.31,40.0,20.0
Parle Melody Chocolaty : 371.45 gms,100.0,89.0,371.45 gm,Parle,0.24,11.0,11.0
Amul Chocominis Chocolate Box : 250 gms,140.0,115.0,250 gm,Amul,0.46,25.0,17.86
Candyman Choco Double Eclairs : 273 gms,100.0,50.0,273 gm,Candyman,0.18,50.0,50.0
Chandan 4 In 1 Mix Mouth Freshener : 225 gms,260.0,130.0,225 gm,Chandan,0.58,130.0,50.0
Parle Kismi Toffee : 276.36 gms,50.0,45.0,276.36 gm,Parle,0.16,5.0,10.0
Luvit Chocorich Eclairs Party Pack : 384 gms,150.0,75.0,384 gm,Luvit,0.2,75.0,50.0
Natural's Bite Aam Papad Cubes : 100 gms,80.0,40.0,100 gm,Natural's,0.4,40.0,50.0
Natural's Bite Meetha Amla : 100 gms,65.0,32.0,100 gm,Natural's,0.32,33.0,50.77
Parle Kismi Assorted Toffees : 245.5 gms,50.0,40.0,245.5  gm,Parle,0.16,10.0,20.0
Natural's Bite Meethi Imli : 100 gms,65.0,32.0,100 gm,Natural's,0.32,33.0,50.77
Cadbury Choclairs Gold Pouch : 130 gms,50.0,45.0,130 gm,Cadbury,0.35,5.0,10.0
Chandan Anardana Punch : 160 gms,150.0,75.0,160 gm,Chandan,0.47,75.0,50.0
Alpenliebe Caramel Toffee : 324 gms,105.0,90.0,324 gm,Alpenliebe,0.28,15.0,14.29
Jelly Mazza Soft Candy Celebration Pack : 200 gms,85.0,42.0,200 gm,Jelly,0.21,43.0,50.59
Gula Gula 5 Flavours Candy Birthday Pack : 200 gms,56.0,28.0,200 gm,Gula,0.14,28.0,50.0
Jelly Mazza Chatpati Imli Soft Candy : 24 gms,10.0,5.0,24 gm,Jelly,0.21,5.0,50.0
Jelly Mazza Kaccha Mango Soft Candy : 24 gms,10.0,5.0,24 gm,Jelly,0.21,5.0,50.0
Chandan Jamun Vati : 160 gms,150.0,75.0,160 gm,Chandan,0.47,75.0,50.0
Derby Tim Buk Tu Fruit Flavoured Lollipop : 130 gms,50.0,25.0,130 gm,Derby,0.19,25.0,50.0
Derby Tamilly Tamarind Candy : 175 gms,50.0,25.0,175 gm,Derby,0.14,25.0,50.0
Derby Panvaa Candy : 175 gms,50.0,25.0,175 gm,Derby,0.14,25.0,50.0
Derby Darling Velvetto Fruit Flavoured Candy : 175 gms,50.0,25.0,175 gm,Derby,0.14,25.0,50.0
Haldiram's Rasgulla : 1 kg,225.0,165.0,1 kg,Haldiram's,165.0,60.0,26.67
Haldiram's Soan Papdi : 500 gms,130.0,99.0,500 gm,Haldiram's,0.2,31.0,23.85
Haldiram's Gulab Jamun : 1 kg,225.0,165.0,1 kg,Haldiram's,165.0,60.0,26.67
Bikaji Rasgulla Gol-Matol : 1.25 kgs,250.0,135.0,1.25 kg,Bikaji,108.0,115.0,46.0
Lal Dharwad Peda : 200 gms,130.0,65.0,200 gm,Lal,0.33,65.0,50.0
Haldiram's Besan Ladoo : 500 gms,320.0,135.0,500 gm,Haldiram's,0.27,185.0,57.81
Shri Ram Soan Papdi : 200 gms,68.0,34.0,200 gm,Shri,0.17,34.0,50.0
Bikaji Gulab Jamun Gol-M-Gol : 1.25 kgs,275.0,149.0,1.25 kg,Bikaji,119.2,126.0,45.82
Royal Gulab Jamun : 1 kg,225.0,105.0,1 kg,Royal,105.0,120.0,53.33
Lal Premium Mysore Pak : 200 gms,130.0,92.0,200 gm,Lal,0.46,38.0,29.23
Amul Kaju Katri : 500 gms,435.0,399.0,500 gm,Amul,0.8,36.0,8.28
Bikaneri Madhuras Rasgulla : 1 kg,170.0,99.0,1 kg,Bikaneri,99.0,71.0,41.76
Royal Rasgulla : 1 kg,210.0,99.0,1 kg,Royal,99.0,111.0,52.86
Bikaji Manbhavan Soan Papdi : 450 gms,135.0,89.0,450 gm,Bikaji,0.2,46.0,34.07
Karachi's Besan Mysore Pak : 200 gms,120.0,50.0,200 gm,Karachi's,0.25,70.0,58.33
Madhuras Soan Papdi : 500 gms,166.0,69.0,500 gm,Madhuras,0.14,97.0,58.43
Mahalaxmi Pista Peanut Chikki : 500 gms,320.0,160.0,500 gm,Mahalaxmi,0.32,160.0,50.0
Haldiram's Badam Halwa : 400 gms,90.0,66.0,400 gm,Haldiram's,0.17,24.0,26.67
Chitale Kaju Katli : 250 gms,265.0,235.0,250 gm,Chitale,0.94,30.0,11.32
Madhur Soan Papadi : 500 gms,150.0,65.0,500 gm,Madhur,0.13,85.0,56.67
Mahalaxmi Disco Chikki : 500 gms,210.0,105.0,500 gm,Mahalaxmi,0.21,105.0,50.0
Lal Bombay Halwa : 200 gms,110.0,42.0,200 gm,Lal,0.21,68.0,61.82
Chitale Bandhu Mango Barfi : 250 gms,235.0,206.0,250 gm,Chitale,0.82,29.0,12.34
Athavale's Desi Ghee Motichur Ladoo : 250 gms,125.0,95.0,250 gm,Athavale's,0.38,30.0,24.0
Divya Gulkand : 400 gms,100.0,89.0,400 gm,Divya,0.22,11.0,11.0
Sun Shengh Chikki : 200 gms,50.0,40.0,200 gm,Sun,0.2,10.0,20.0
Phondaghat Pravalyukta Gulkand : 200 gms,118.0,88.0,200 gm,Phondaghat,0.44,30.0,25.42
Mahalaxmi Peanut Chikki : 200 gms,85.0,42.0,200 gm,Mahalaxmi,0.21,43.0,50.59
Athavale's Besan Ladoo : 200 gms,110.0,80.0,200 gm,Athavale's,0.4,30.0,27.27
Farmley Dates Bites : 18 gms,40.0,20.0,18 gm,Farmley,1.11,20.0,50.0
Bedekar Besan Ladu : 300 gms,140.0,120.0,300 gm,Bedekar,0.4,20.0,14.29
Bedekar Tasty Foods Moog Dal Halwa : 500 gms,250.0,125.0,500 gm,Bedekar,0.25,125.0,50.0
Agrawal's 420 Dryfruit Besan Ladoo : 400 gms,165.0,129.0,400 gm,Agrawal's,0.32,36.0,21.82
Mahalaxmi Dry Fruit Gud Gajak : 500 gms,340.0,170.0,500 gm,Mahalaxmi,0.34,170.0,50.0
Mahalaxmi Murena Gajak : 500 gms,300.0,150.0,500 gm,Mahalaxmi,0.3,150.0,50.0
Mahalaxmi Pista Badam Gajak : 500 gms,340.0,170.0,500 gm,Mahalaxmi,0.34,170.0,50.0
Pravin Mango Pickle : 1 kg,250.0,140.0,1 kg,Pravin,140.0,110.0,44.0
Mother's Recipe Mango Pickle - Jar : 1 kg,240.0,120.0,1 kg,Mother's,120.0,120.0,50.0
Pravin Mango Pickle Pouch : 200 gms,70.0,55.0,200 gm,Pravin,0.28,15.0,21.43
Shree Siddhivinayak Mango Pickle : 500 gms,130.0,95.0,500 gm,Shree,0.19,35.0,26.92
Bedekar Mango Pickle : 400 gms,125.0,102.0,400 gm,Bedekar,0.26,23.0,18.4
Mother's Recipe Mango Pickle - Pouch : 500 gms,149.0,74.0,500 gm,Mother's,0.15,75.0,50.34
Homepick Gujarati Chhunda Pickle : 250 gms,125.0,89.0,250 gm,Homepick,0.36,36.0,28.8
Shree Siddhivinayak Sweet Mango Pickle : 200 gms,80.0,60.0,200 gm,Shree,0.3,20.0,25.0
Kubal Mango Pickle Pouch : 200 gms,70.0,35.0,200 gm,Kubal,0.17,35.0,50.0
Shree Siddhivinayak Sweet Lime Pickle : 200 gms,80.0,60.0,200 gm,Shree,0.3,20.0,25.0
Shree Siddhivinayak Lime Pickle : 200 gms,70.0,54.0,200 gm,Shree,0.27,16.0,22.86
Bedekar Lime Pickle (Sweet) : 400 gms,130.0,115.0,400 gm,Bedekar,0.29,15.0,11.54
Bedekar Lime Pickle : 400 gms,125.0,105.0,400 gm,Bedekar,0.26,20.0,16.0
Homepick Sweet Lemon Pickle : 250 gms,135.0,99.0,250 gm,Homepick,0.4,36.0,26.67
Mother's Recipe Mixed Pickle Jar : 1 kg,240.0,120.0,1 kg,Mother's,120.0,120.0,50.0
Pravin Mixed Pickle : 1 kg,250.0,169.0,1 kg,Pravin,169.0,81.0,32.4
Bedekar Mixed Pickle : 1 kg,260.0,130.0,1 kg,Bedekar,130.0,130.0,50.0
Shree Siddhivinayak Mixed Pickle : 500 gms,130.0,89.0,500 gm,Shree,0.18,41.0,31.54
Kubal Mix Pickle Pouch : 200 gms,70.0,35.0,200 gm,Kubal,0.17,35.0,50.0
Shree Siddhivinayak Chilly Pickle : 200 gms,70.0,55.0,200 gm,Shree,0.28,15.0,21.43
Jain DLS Marwadi Mirchi Green Pickle : 400 gms,110.0,93.0,400 gm,Jain,0.23,17.0,15.45
Jain DLS Marwadi Mirchi Red Pickle : 400 gms,120.0,99.0,400 gm,Jain,0.25,21.0,17.5
Bedekar Green Chilli Pickle : 400 gms,130.0,104.0,400 gm,Bedekar,0.26,26.0,20.0
MTR Idli/Dosa/Chilly Chutney Powder : 200 gms,155.0,125.0,200 gm,MTR,0.63,30.0,19.35
Nasle Shenga (Groundnut) Chutney : 200 gms,60.0,49.0,200 gm,Nasle,0.24,11.0,18.33
Vaidehi Lasun Chutney : 100 gms,48.0,24.0,100 gm,Vaidehi,0.24,24.0,50.0
Bedekar Garlic Chutney : 100 gms,60.0,49.0,100 gm,Bedekar,0.49,11.0,18.33
Bedekar Groundnut (Singdana) Chutney : 100 gms,50.0,42.0,100 gm,Bedekar,0.42,8.0,16.0
Inchi Schezwan Chutney : 250 gms,85.0,45.0,250 gm,Inchi,0.18,40.0,47.06
Mother's Recipe Tamarind Date Chutney : 200 gms,60.0,38.0,200 gm,Mother's,0.19,22.0,36.67
Homepick Masala Carrots Pickle : 250 gms,150.0,99.0,250 gm,Homepick,0.4,51.0,34.0
Homepick Amba Haldi Pickled Turmeric & Mango Ginger : 250 gms,150.0,99.0,250 gm,Homepick,0.4,51.0,34.0
Jain Ker Ka Achar : 400 gms,200.0,100.0,400 gm,Jain,0.25,100.0,50.0
Jain DLS Ker Sangri Pickle : 400 gms,220.0,110.0,400 gm,Jain,0.28,110.0,50.0
Dabur Chyawanprash Awaleha : 950 gms,395.0,335.0,950 gm,Dabur,0.35,60.0,15.19
Patanjali Chyawanprash : 1 kg,360.0,279.0,1 kg,Patanjali,279.0,81.0,22.5
Dabur Chyawanprakash Sugarfree : 900 gms,440.0,340.0,900 gm,Dabur,0.38,100.0,22.73
Dabur Chyawanprash : 1.5 kgs,565.0,399.0,1.5 Kg,Dabur,266.0,166.0,29.38
Baidyanath Sugarfree Chyawan-Fit : 1 kg,415.0,332.0,1 kg,Baidyanath,332.0,83.0,20.0
Baidyanath Chyawanprash Special : 1 kg,395.0,295.0,1 kg,Baidyanath,295.0,100.0,25.32
Dhootapapeshwar Swamala Chywanprash : 500 gms,825.0,578.0,500 gm,Dhootapapeshwar,1.16,247.0,29.94
Veda Prash Premium Jaggery Chyawanprash : 475 gms,999.0,680.0,475 gm,Veda,1.43,319.0,31.93
Saffola Immuniveda Chyawanprash : 1.25 kgs,599.0,280.0,1.25 kg,Saffola,224.0,319.0,53.26
Yoga Bar 20G Protein Bar - Almond Fudge : 60 gms,125.0,62.0,60 gm,Yoga,1.03,63.0,50.4
Yoga Bar Breakfast Protein Bar - Apricot Fig : 50 gms,50.0,25.0,50 gm,Yoga,0.5,25.0,50.0
Yoga Bar Breakfast Protein Bar - Blueberry Pie : 50 gms,50.0,25.0,50 gm,Yoga,0.5,25.0,50.0
RiteBite Max Protein Daily Choco Almond Bar : 50 gms,75.0,60.0,50 gm,RiteBite,1.2,15.0,20.0
Yoga Bar Multigrain Energy Bar - Nuts & Seeds : 38 gms,40.0,20.0,38 gm,Yoga,0.53,20.0,50.0
Yoga Bar Multigrain Energy Bar - Chocolate Chunk Nut : 38 gms,40.0,20.0,38 gm,Yoga,0.53,20.0,50.0
RiteBite Max Protein Daily Choco Classic Bar : 50 gms,70.0,52.0,50 gm,RiteBite,1.04,18.0,25.71
RiteBite Max Protein Daily Choco Berry Bar : 50 gms,75.0,60.0,50 gm,RiteBite,1.2,15.0,20.0
Unibic Almond & Oats Snack Bar : 30 gms,40.0,20.0,30 gm,Unibic,0.67,20.0,50.0
RiteBite Sports Snack Bar : 40 gms,45.0,36.0,40 gm,RiteBite,0.9,9.0,20.0
Nature Valley Oats & Dark Chocolate Granola Bar : 42 gms,75.0,54.0,42 gm,Nature,1.29,21.0,28.0
RiteBite Peanut Butter Snack Bar : 40 gms,45.0,36.0,40 gm,RiteBite,0.9,9.0,20.0
Nature Valley Oats & Honey Granola Bar : 42 gms,75.0,54.0,42 gm,Nature,1.29,21.0,28.0
Unibic Fruit & Nut Choco Snack Bar : 30 gms,40.0,20.0,30 gm,Unibic,0.67,20.0,50.0
Nature Valley Roasted Almond Granola Bar : 42 gms,75.0,54.0,42 gm,Nature,1.29,21.0,28.0
Sugar Free Gold Pellets : 500 Pellets,300.0,260.0,500 Pellets,Sugar,0.52,40.0,13.33
Sugar Free Natura Pellets : 500 Pellets,300.0,260.0,500 Pellets,Sugar,0.52,40.0,13.33
Sugar Free Gold Powder : 100 gms,150.0,130.0,100 gm,Sugar,1.3,20.0,13.33
Sugar Free Natura Powder : 100 gms,150.0,130.0,100 gm,Sugar,1.3,20.0,13.33
Sugar Free Green Stevia Powder : 200 gms,225.0,175.0,200 gm,Sugar,0.88,50.0,22.22
Nutrivalue Moringa Olifera Drum Stick Leaves Powder : 100 gms,170.0,123.0,100 gm,Nutrivalue,1.23,47.0,27.65
Nutrivalue Stevia Leaves - Natural Sweetener : 50 gms,150.0,105.0,50 gm,Nutrivalue,2.1,45.0,30.0
Hamdard Roghan Badam Shirin Sweet Almond Oil : 50 ml,220.0,205.0,50 ml,Hamdard,4.1,15.0,6.82
Baidyanath Shankha Pushpi Syrup : 450 ml,230.0,184.0,450 ml,Baidyanath,0.41,46.0,20.0
Bean To Bark Dark Chocolate - Quinoa Crackle : 80 gms,299.0,149.0,80 gm,Bean,1.86,150.0,50.17
MuscleBlaze Whey Performance Chocolate Flavour : 1 kg,3449.0,1559.0,1 Kg,MuscleBlaze,1.56,1890.0,54.8
Dhootapapeshwar Shatavari Kalpa Granules - Elaichi : 350 gms,295.0,228.0,350 gm,Dhootapapeshwar,0.65,67.0,22.71
Dhootapapeshwar Shatavari Kalpa Granules : 350 gms,295.0,199.0,350 gm,Dhootapapeshwar,0.57,96.0,32.54
Dhootapapeshwar Shilapravang Special Tablet : 30 Tablets,725.0,449.0,30 U,Dhootapapeshwar,14.97,276.0,38.07
MuscleBlaze Whey Gold Protein Rich Milk Chocolate Flavour : 1 kg,4399.0,1989.0,1 Kg,MuscleBlaze,1.99,2410.0,54.79
Dhootapapeshwar Sheetasudha Syrup : 480 ml,180.0,130.0,480 ml,Dhootapapeshwar,0.27,50.0,27.78
MuscleBlaze Creatine Monohydrate : 100 gms,899.0,409.0,100 gm,MuscleBlaze,4.09,490.0,54.51
MuscleBlaze Mass Gainer XXL Chocolate Flavour : 1 kg,1729.0,779.0,1 Kg,MuscleBlaze,0.78,950.0,54.95
MuscleBlaze BCAA Pro Powerful Watermelon Flavour : 450 gms,2299.0,1039.0,450 gm,MuscleBlaze,2.31,1260.0,54.81
MuscleBlaze Weight Gainer : 1 kg,1469.0,665.0,1 Kg,MuscleBlaze,0.67,804.0,54.73
Knorr Thick Tomato Soup : 51 gms,60.0,45.0,51 gm,Knorr,0.88,15.0,25.0
Knorr Instant Tomato Chatpata Cup A Soup : 13.5 gms,10.0,9.0,13.5 gm,Knorr,0.67,1.0,10.0
Knorr Manchow Veg Cup-A-Soup : 11 gms,10.0,9.0,11 gm,Knorr,0.82,1.0,10.0
Knorr Hot & Sour Veg Soup : 41 gms,60.0,45.0,41 gm,Knorr,1.1,15.0,25.0
Knorr International Hong Kong Manchow Noodle Soup : 44 gms,70.0,49.0,44 gm,Knorr,1.11,21.0,30.0
Knorr Sweet Corn Veg Cup-A-Soup : 9.5 gms,10.0,9.0,9.5 gm,Knorr,0.95,1.0,10.0
Knorr Chicken Delite Soup : 42 gms,60.0,55.0,42 gm,Knorr,1.31,5.0,8.33
Knorr Mixed Vegetable Soup : 40 gms,60.0,44.0,40 gm,Knorr,1.1,16.0,26.67
Knorr Hot & Sour Veg Cup-A-Soup : 10.5 gms,10.0,9.0,10.5 gm,Knorr,0.86,1.0,10.0
Ching's Manchow Soup : 12 gms,10.0,9.0,12 gm,Ching's,0.75,1.0,10.0
Knorr Mixed Vegetable Cup-A-Soup : 9.5 gms,10.0,9.0,9.5 gm,Knorr,0.95,1.0,10.0
Knorr International Mexican Tomato Corn Soup : 50 gms,70.0,50.0,50 gm,Knorr,1.0,20.0,28.57
Ching's Hot & Sour Instant Soup : 55 gms,60.0,40.0,55 gm,Ching's,0.73,20.0,33.33
Knorr International Shanghai Hot & Sour Chicken Soup : 36 gms,75.0,67.0,36 gm,Knorr,1.86,8.0,10.67
Ching's Tomato Instant Soup : 55 gms,60.0,40.0,55 gm,Ching's,0.73,20.0,33.33
Premia Badishep : 200 gms,162.0,105.0,200 gm,Premia,0.53,57.0,35.19
Premia Lukhnowi Badishep : 100 gms,80.0,56.0,100 gm,Premia,0.56,24.0,30.0
Premia Roasted Badishep : 100 gms,71.0,44.0,100 gm,Premia,0.44,27.0,38.03
Premchand Gold Dhana Dal : 200 gms,90.0,65.0,200 gm,Premchand,0.33,25.0,27.78
Premia Dhaniya Dal : 100 gms,47.0,31.0,100 gm,Premia,0.31,16.0,34.04
Chandan Regal Rose Mix : 170 gms,150.0,75.0,170 gm,Chandan,0.44,75.0,50.0
Satyam Badishop : 100 gms,97.0,90.0,100 gm,Satyam,0.9,7.0,7.22
Satyam Mukhwas Seven Seeds : 100 gms,104.0,96.0,100 gm,Satyam,0.96,8.0,7.69
Chandan Super Green Mix : 170 gms,150.0,75.0,170 gm,Chandan,0.44,75.0,50.0
Chandan Shehanshahi Paan Mix : 130 gms,180.0,90.0,130 gm,Chandan,0.69,90.0,50.0
Chandan Parampara Paan Mix : 140 gms,180.0,90.0,140 gm,Chandan,0.64,90.0,50.0
Et-mi Saunf Mukhwas : 125 gms,70.0,35.0,125 gm,Et-mi,0.28,35.0,50.0
Chandan Elaichi Fennel Mix : 130 gms,150.0,75.0,130 gm,Chandan,0.58,75.0,50.0
Chandan Coated Fennel Mix : 180 gms,150.0,75.0,180 gm,Chandan,0.42,75.0,50.0
Chandan Jeera Goli : 100 gms,50.0,25.0,100 gm,Chandan,0.25,25.0,50.0
Nature's Treat Omega Natural Mix : 100 gms,130.0,65.0,100 gm,Nature's,0.65,65.0,50.0
Cadbury Chocobakes Choc Layered Cakes : 114 gms,70.0,51.0,114 gm,Cadbury,0.45,19.0,27.14
Britannia Fudge It Chocolate Brownie Cake : 120 gms,60.0,45.0,120 gm,Britannia,0.38,15.0,25.0
Ribbons & Balloons Tea Time Mawa Cake : 200 gms,100.0,50.0,200 gm,Ribbons,0.25,50.0,50.0
Ribbons & Balloons Tea Time Choco Chip Cake : 200 gms,100.0,50.0,200 gm,Ribbons,0.25,50.0,50.0
Britannia Treat Croissant Cocoa Creme Roll : 45 gms,20.0,15.0,45 gm,Britannia,0.33,5.0,25.0
Britannia Fruity Fun 100% Veg Cake : 60 gms,25.0,21.0,60 gm,Britannia,0.35,4.0,16.0
The Baker's Dozen Banana Cake : 200 gms,155.0,45.0,200 gm,The,0.23,110.0,70.97
Ribbons & Balloons Chocolate Muffins : 135 gms,45.0,30.0,135 gm,Ribbons,0.22,15.0,33.33
The Baker's Dozen Chocolate Almond Cake : 150 gms,185.0,92.0,150 gm,The,0.61,93.0,50.27
Parle Happy Happy Tutti Frutty Flavoured Cake : 100 gms,40.0,20.0,100 gm,Parle,0.2,20.0,50.0
Ribbons & Balloons Fruit Muffins : 135 gms,45.0,30.0,135 gm,Ribbons,0.22,15.0,33.33
Parle Happy Happy Vanilla Flavoured Cake : 100 gms,40.0,20.0,100 gm,Parle,0.2,20.0,50.0
The Baker's Dozen Banana Walnut Cake : 150 gms,185.0,92.0,150 gm,The,0.61,93.0,50.27
Britannia Treat Choco Creme Wafers : 55 gms,50.0,25.0,55 gm,Britannia,0.45,25.0,50.0
Ribbons & Balloons Chocolate Slice Cake : 50 gms,20.0,15.0,50 gm,Ribbons,0.3,5.0,25.0
Ribbons & Balloons Mixed Fruit Slice Cake : 50 gms,20.0,15.0,50 gm,Ribbons,0.3,5.0,25.0
Britannia Treat Croissant Vanilla Creme Roll : 45 gms,20.0,16.0,45 gm,Britannia,0.36,4.0,20.0
Britannia Gobbles Choco Chill Cake : 50 gms,15.0,13.0,50 gm,Britannia,0.26,2.0,13.33
The Baker's Dozen Fresh Orange Cake With Pistachio : 150 gms,165.0,82.0,150 gm,The,0.55,83.0,50.3
Britannia Treat Vanilla Creme Wafers : 55 gms,50.0,25.0,55 gm,Britannia,0.45,25.0,50.0
Ribbons & Balloons Winny Golden Sponge - Vanilla : 25 gms,10.0,8.0,25 gm,Ribbons,0.32,2.0,20.0
Ribbons & Balloons Winny Choco Sponge : 25 gms,10.0,9.0,25 gm,Ribbons,0.36,1.0,10.0
Britannia Fudge It Chocolate Brownie : 40 gms,20.0,18.0,40 gm,Britannia,0.45,2.0,10.0
