,Product name,MRP,Selling Price,Tag,PerUnitPrice,Brand
0, Priya Fortified With Vitamin A & D Refined Sunflower Oil 1 L ,162,99,None,None,PRIYA
1, ORGANIC GREEN MOONG DAL 1KG ,250,188, sponsored ,None,HOUSE OF VEDA
2, Super Sarvottam Physically Refined Rice Bran Oil 1 L ,199,102,None,None,SUPER SARVOTTAM
3, Fortune Sunlite Refined Sunflower Oil 1 L ,140,114,None,None,FORTUNE
4, Fortune Refined Soyabean Oil 1 L ,130,115,None,None,FORTUNE
5, House of Veda Organic Lobia (Cowpea White) 500g ,117,110, sponsored ,None,HOUSE OF VEDA
6, Tata Iodised Salt 1 kg ,28,24,None,None,TATA
7, Fortune Premium Kachi Ghani Pure Mustard Oil 1 L ,185,146,None,None,FORTUNE
8, Chakki Atta 10 kg ,425,359,None,( 35.90/1 kg),PRIVATE LABEL
9, Tur / Arhar Dal 2 kg ,450,355,None,None,PRIVATE LABEL
10, Good Life Pure Crystal Sugar (M) 5 kg ,275,229,None,None,GOOD LIFE
11, Nutri Binge 200g California Pistachios ,385,290, sponsored ,None,NUTRI BINGE
12, Good Life Almonds 500 g ,549,349,None,None,GOOD LIFE
13, Fortune Premium Kachi Ghani Pure Mustard Oil 1 L (Pouch) ,180,145,None,None,FORTUNE
14, Chakki Atta 5 kg ,250,185,None,( 37.00/1 kg),PRIVATE LABEL
15, Brill 1Kg Premium Whole Cashews (500g x 2pack) ,"1,840.00",735,None,None,BRILL
16, Gemini Refined Sunflower Oil 1 L ,179,115,None,None,GEMINI
17, SHREE KALPADRUMA ghee Natural A2 Desi Cow Ghee 5 LTR|Pure Cow Ghee for Better Digestion and Immunity|100% natural and premium quality ,4200,2310, sponsored ,None,SHREE KALPADRUMA
18, Nutri Binge 500g California Almonds Vitals ,660,369,None,None,NUTRI BINGE
19, Good Life (W320) Cashews 500 g ,499,399,None,None,GOOD LIFE
20, Amul Pure Ghee 1 L (Pouch) ,635,585,None,None,AMUL
21, DAIRY SAGAR GOPAL Pure Desi Cow Ghee Pure Cow Ghee for Better Digestion and Immunity 1 ltr jar-1 ,680,398,None,None,DAIRYSAGAR
22, Sugar (M) 2 kg ,100,90,None,None,LOOSE
23," House of Veda Organic Tur (Arhar) Dal - 1kg Pack, Certified Organic | Rich in Protein & Iron | Zero Chemicals, Preservative Free ",275,261, sponsored ,None,HOUSE OF VEDA
24, Good Life Kachi Ghani Mustard Oil 1 L (Pouch) ,170,125,None,None,GOOD LIFE
25, Aashirvaad Superior MP Whole Wheat Atta 10 kg ,568,479,None,( 47.90/1 kg),AASHIRVAAD
26, Suji / Rawa 1 kg ,106,45,None,None,PRIVATE LABEL
27, Good Life Jeera 100 g ,150,89,None,( 44.50/50 g),GOOD LIFE
28, Good Life Raw Peanuts 500 g ,120,101,None,None,GOOD LIFE
29, House of Veda ORGANIC KABULI CHANA 1Kg ,290,203, sponsored ,None,HOUSE OF VEDA
30, Parry's White Label Sulphur Free Sugar 5 kg ,300,229,None,None,PARRY'S
31, Nutri Binge 500g Whole Cashews ,749,379,None,None,NUTRI BINGE
32, Good Life Sugar (M) 1 kg ,55,50,None,None,GOOD LIFE
33, Good Life Yellow Kishmish 500 g ,183,129,None,None,GOOD LIFE
34, Coreganic 1kg 100% Natural International Premium Whole Cashews ,"1,799.00",719,None,None,COREGANIC
35, SHREE KALPADRUMA ghee Natural A2 Desi Cow Ghee 1000ML|Pure Cow Ghee for Better Digestion and Immunity|100% natural and premium quality ,799,599, sponsored ,None,SHREE KALPADRUMA
36, Suji / Rawa 500 g ,53,25,None,None,PRIVATE LABEL
37, Nutri Binge 1kg Vitals California Almonds ,"1,320.00",699,None,None,NUTRI BINGE
38, Dhara Kachi Ghani Mustard Oil 1 L (Pouch) ,160,150,None,None,DHARA
39, Aashirvaad Iodized Salt 1 kg ,28,14,None,None,AASHIRVAAD
40, Fortune Rice Bran Health Physically Refined Rice Bran Oil 5 L ,849,629,None,( 125.80/1 l),FORTUNE
41," VEEDINT RED CHILLI POWDER, TIKHA LAL, 500 GRAM PACK ",495,220, sponsored ,None,VEEDINT
42," Horaira Nutz Dry Fruits Combo Pack 1Kg Cashews 250g , Figs 250g , Raisins 250g , Almond 250g ","1,900.00",720,None,None,HORAIRA NUTZ
43, Aashirvaad Superior MP Whole Wheat Atta 5 kg ,294,245,None,( 49.00/1 kg),AASHIRVAAD
44, Gulab Sungold Refined Sunflower Oil 15 L (Tin) ,"3,563.00","1,589.00",None,( 105.93/1 l),GULAB
45, Good Life Kachi Ghani Mustard Oil 1 L (Bottle) ,175,127,None,None,GOOD LIFE
46, Karan's Cashew Whole Cashew Nuts 1 Kg ( 500gX2) / Kaju. ,"1,400.00",669,None,None,KARAN’S CASHEW
47, SHREE KALPADRUMA ghee Natural A2 Desi Cow Ghee 500ML|Pure Cow Ghee for Better Digestion and Immunity|100% natural and premium quality ,459,335, sponsored ,None,SHREE KALPADRUMA
48, Gowardhan Pure Cow Ghee 1 L (Pouch) ,725,635,None,None,GOWARDHAN
49, Aashirvaad Select Sharbati Whole Wheat Atta 5 kg ,331,291,None,( 58.20/1 kg),AASHIRVAAD
50, Maida 1 kg ,106,42,None,None,PRIVATE LABEL
51, Good Life Free Flow Iodised Salt 1 kg ,28,15,None,None,GOOD LIFE
52, Good Life Jeera 500 g ,740,359,None,( 35.90/50 g),GOOD LIFE
53, Nutri Binge 1kg Whole Cashews ,1498,739, sponsored ,None,NUTRI BINGE
54, Patanjali Traditional Chakki Whole Wheat With Bran Atta 10 kg ,450,365,None,( 36.50/1 kg),PATANJALI
55, Nutri Binge 500g Premium California Almonds ,670,429,None,None,NUTRI BINGE
56," GreenFinity Mix Dry Fruits and Nuts, 1kg [Almonds, Walnuts, Cashew, Pumpkin, Cranberry, Black Raisin & Many More] Healthy Gift Hamper for Every Occasion Fresh and Healthy Dry Fruits, Seeds & Nuts. ","1,299.00",599,None,None,GREENFINITY
57, Gemini Refined Sunflower Oil 15 L ,"2,650.00","1,625.00",None,( 108.33/1 l),GEMINI
58, Patanjali Kachi Ghani Mustard Oil 1 L (Bottle) ,145,135,None,None,PATANJALI
59, Good Life Value Almond 500 g ,525,315,None,None,GOOD LIFE
60, Dhara Kachi Ghani Mustard Oil 1 L (Bottle) ,180,152,None,None,DHARA
61, Good Life Tur Dal 1 kg ,266,211,None,None,GOOD LIFE
62, Sunday Refined Sunflower Oil 1 L ,189,109,None,None,SUNDAY
63, India Gate Mini Mogra-II Basmati Rice 10 kg ,496,429,None,( 42.90/1 kg),INDIA GATE
64, Tata Sampann White Poha 500 g ,53,35,None,None,TATA SAMPANN
65, Anjeer 100% Natural Anjeer (Dry Figs) 500g ,899,399,None,None,ANJANI
66, Gowardhan Pure Cow Ghee 1 L (Jar) ,749,665,None,None,GOWARDHAN
67, Gowardhan Cow Ghee 1 L (Pack of 2) Pouch With Lock & Seal Container ,"1,450.00","1,249.00",None,None,GOWARDHAN
68, Happilo 1kg Popular Almond California ,"1,250.00",799,None,None,HAPPILO
69, Good Life Thick Poha / Aval 1 kg ,75,63,None,None,GOOD LIFE
70, Daawat Rozana Super Basmati Rice 1 kg ,98,75,None,None,DAAWAT
71, Aashirvaad Multigrain Atta 5 kg ,359,309,None,( 61.80/1 kg),AASHIRVAAD
72, RUNUTZ 500g Cashew Nuts (250g X 2) ,590,395,None,None,RUNUTZ
73, Saffola Gold Rice Bran Based Blended Oil 3 L ,690,399,None,( 133.00/1 l),SAFFOLA
74, Fortune Physically Refined Rice Bran Oil 1 L (Pouch) ,165,127,None,None,FORTUNE
75, Besan 500 g ,95,45,None,None,PRIVATE LABEL
76," Horaira Nutz Natural & Fresh Figs , Anjeer 1kg ( 500g x 2 ) ","1,498.00",649,None,None,HORAIRA NUTZ
77, Gulab Gold Filtered Groundnut Oil 5 L ,"1,347.00",999,None,( 199.80/1 l),GULAB
78, Safola Gold Multisource Blended Refined Edible Oil 5 L (Can) + 1 L Free (Pouch) ,945,855,None,( 142.50/1 l),SAFFOLA
79, Moong Dal 2 kg ,340,233,None,None,PRIVATE LABEL
80, Fortune Chakki Fresh Atta 5 kg ,245,199,None,( 39.80/1 kg),FORTUNE
81, Navjeevan 500g Green Cardamom | Green Elaichi ,"2,150.00",849,None,( 169.80/100 g),NAVJEEVAN
82, Good Life MP Wheat Chakki Atta 1 kg ,50,43,None,None,GOOD LIFE
83, Fortune Superfine Besan 500 g ,80,53,None,None,FORTUNE
84, Good Life Jeera 200 g ,305,175,None,( 43.75/50 g),GOOD LIFE
85, Good Life Kabuli Chana 500 g ,134,111,None,None,GOOD LIFE
86, Chana Dal 2 kg ,240,172,None,None,PRIVATE LABEL
87, Maida 500 g ,53,25,None,None,PRIVATE LABEL
88, Good Life Moong Dal 500 g ,96,73,None,None,GOOD LIFE
89, Besan 1 kg ,190,90,None,None,PRIVATE LABEL
90, Gulab Gold Filtered Groundnut Oil 1 L ,264,195,None,None,GULAB
91, Fortune Sunlite Refined Sunflower Oil 15 L (Can) ,"2,150.00","1,675.00",None,( 111.67/1 l),FORTUNE
92, Daawat Rozana Super Basmati Rice 5 kg ,486,359,None,None,DAAWAT
93, Good Life Chana Dal 500 g ,70,52,None,None,GOOD LIFE
94, Anjani Anjeer 100% Natural Dry Figs/Anjeer 1 kg ,"1,599.00",749,None,None,ANJANI
95, Daawat Sonamasoori Rice 10 kg ,816,605,None,( 60.50/1 kg),DAAWAT
96, Dhara Nourish Vit A E Refined Sunflower Oil 1 L ,150,112,None,None,DHARA
97, Fortune Rozana Dubar Basmati Rice 5 kg ,585,429,None,None,FORTUNE
98, Sunrich Refined Sunflower Oil 899 g ,152,102,None,None,SUNRICH
99, Nestle EveryDay Ghee 1 L (Carton) ,630,579,None,None,NESTLE
100, Good Life Whole Moong 500 g ,95,72,None,None,GOOD LIFE
101, Daawat Rozana Gold Basmati Rice 5 kg ,560,395,None,None,DAAWAT
102, 41 foods Almonds Pistachios Cashews Raisins Walnuts Combo Pack | Kaju Pista Badam Akhrot Kishmish (150GM x 5) 750 GM ,"2,099.00",573,None,None,41 FOODS
103, Fortune Suji / Semolina 500 g ,39,26,None,None,FORTUNE
104, Freshtige 100% Natural and Premium Healthy Mix Dry Fruits 1kg(500gms*2)|Fresh and Healthy Dry Fruits ,"1,499.00",599,None,None,FRESHTIGE
105, Amul Pure Ghee 1 L (Tin) ,650,615,None,None,AMUL
106, Good Life Big Mustard 100 g ,25,15,None,( 7.50/50 g),GOOD LIFE
107," Farmley Handpicked Gold Makhana ( Fox Nuts) , 500g (Pack of 2, Each 250g) ",600,499,None,None,FARMLEY
108, Regular Value Pack Plain Cashews 500 g ,500,355,None,None,PRIVATE LABEL
109, Nutri Binge 500g Pistachios Roasted & Salted California ,920,629,None,None,NUTRI BINGE
110, Maggi Masala Ae Magic 6 g (Pack of 12) ,60,55,None,None,MAGGI
111, India Gate Mogra Basmati Rice 10 kg ,800,655,None,( 65.50/1 kg),INDIA GATE
112, Nutraj California Walnuts InShell 1 kg (500gm x 2) ,"1,098.00",529,None,( 264.50/500 g),NUTRAJ
113, Tata Sampann Unpolished Toor / Arhar Dal 500 g ,143,132,None,None,TATA SAMPANN
114, Mount 84 Rock Salt 1 kg ,99,49,None,None,DR. BRAND
115, Tata Sampann Unpolished Moong Dal 500 g ,105,97,None,None,TATA SAMPANN
116, Gulab Sungold Refined Sunflower Oil 15 L (Jar) ,"3,589.00","1,609.00",None,( 107.27/1 l),GULAB
117, Daawat Devaaya Everyday Rice 5 kg ,600,300,None,None,DAAWAT
118," RED ROSE MINI MONGRA BASMATI RICE, 30 KG ","1,699.00","1,499.00",None,( 49.97/1 kg),RED ROSE
119, Elina Long Grain Rice 1 kg ,195,65,None,None,ELINA
120, 921 CLASSIC BIRYANI SPECIAL BASMATI RICE 5 KG (Long grain 1121 Rice XXXL) ,925,649,None,( 129.80/1 kg),921
121, Good Life Masoor Dal 500 g ,69,57,None,None,GOOD LIFE
122," Horaira Nutz Premium Dry fruits Combo Pack 500g Almond , Cashews ( Pack of 2 _ Each 250g ) ",999,513,None,None,HORAIRA NUTZ
123, Fortune Rozana Basmati Rice 5 kg Bag + Fortune Rice Bran Health Physically Refined Rice Bran Oil 5 L PET Combo ,"1,425.00",999,None,None,FORTUNE+FORTUNE
124, GKD's Premium 2 L Pure Coconut Oil Jar ,760,599,None,None,GKD'S PREMIUM
125, Amul Pure Ghee 500 ml (Pouch) ,320,299,None,None,AMUL
126, RUNUTZ 1kg Cashew Nuts (250g X 4) ,"1,180.00",739,None,None,RUNUTZ
127, Good Life Roasted Chana Dal / Split Bengal Gram 500 g ,80,67,None,None,GOOD LIFE
128, Emami Healthy & Tasty Kachi Ghani Mustard Oil 1 L (Pouch) ,210,129,None,None,EMAMI
129, Tata Sampann Unpolished Chilka Moong 500 g ,99,92,None,None,TATA SAMPANN
130, Gemini Refined Soyabean Oil 1 L ,140,103,None,None,GEMINI
131, Amul Cow Ghee 1 L (Pouch) ,650,595,None,None,AMUL
132, Good Life Small Brown Chana 500 g ,69,53,None,None,GOOD LIFE
133, Wonderland Foods Premium Raisins 500 g ,300,109,None,None,WONDERLAND FOODS
134, Go Crackers 2kg Broken Walnuts Kernels Amber without Shell (250g x 8) ,"2,360.00",857,None,None,GO
135, Mother Dairy Cow Ghee 1 L (Pouch) ,685,575,None,None,MOTHER DAIRY
136, Good Life Moong Dal 1 kg ,189,145,None,None,GOOD LIFE
137, Fortune Everyday Full Grain Basmati Rice 1 kg ,169,99,None,None,FORTUNE
138, Good Life Green Kishmish 500 g ,183,129,None,None,GOOD LIFE
139, Open Secret Kimia Dates 800g Premium Khajur ,500,281,None,None,OPEN SECRET
140, Tata Sampann Unpolished Moong Dal 1 kg ,209,194,None,None,TATA SAMPANN
141, Good Life Almonds 1 kg ,"1,050.00",695,None,None,GOOD LIFE
142, Wonderland Foods Platinum California Almonds 500 g ,725,299,None,None,WONDERLAND FOODS
143, Good Life Urad Dal 500 g ,97,80,None,None,GOOD LIFE
144, Aashirvaad Superior MP Whole Wheat Atta 1 kg ,61,55,None,None,AASHIRVAAD
145," Happilo Essentials Popular Whole Cashew W400 1kg, Healthy Snack, Source of Protein, Vitamin & Minerals, No Preservatives ","1,350.00",889,None,None,HAPPILO
146, Good Life Unpolished Toor Dal 1 kg ,272,235,None,None,GOOD LIFE
147, Broken Wheat / Daliya 500 g ,60,25,None,None,PRIVATE LABEL
148, Daawat Super Basmati Rice 1 kg ,220,139,None,None,DAAWAT
149, Nutraj Jumbo California Walnuts in Shell 1 kg ,999,619,None,( 309.50/500 g),NUTRAJ
150, Amul Cow Ghee 1 L (Tin) ,665,618,None,None,AMUL
151, Good Life Chilli Powder 100 g ,50,32,None,None,GOOD LIFE
152, Gowardhan Pure Cow Ghee 500 ml (Jar) ,385,345,None,None,GOWARDHAN
153, Good Life Toor Dal 500 g ,134,106,None,None,GOOD LIFE
154, Ziofit 1kg Popular Almonds Calfornia ,"1,250.00",799,None,None,ZIOFIT
155, Annprash White Sugar - 0.5 kg ,499,148,None,None,ANNPRASH
156, Patanjali Whole Wheat Atta with Bran 5 kg ,230,195,None,( 39.00/1 kg),PATANJALI
157, 921 CLASSIC BASMATI MOGRA | MUNGRA RICE - 30 KG ,"1,750.00","1,299.00",None,( 43.30/1 kg),921
158, Gulab Sungold Refined Sunflower Oil 1 L ,150,97,None,None,GULAB
159, Tata Lite Sodium Curtailed Iodised Salt 1 kg ,50,45,None,None,TATA
160, Fortune Sunlite Refined Sunflower Oil 15 L (Tin) ,"2,150.00","1,625.00",None,( 108.33/1 l),FORTUNE
161, Navjeevan Jeera 500g (Cumin) ,750,329,None,( 65.80/100 g),NAVJEEVAN
162, Good Life Chana Dal 1 kg ,138,99,None,None,GOOD LIFE
163, India Gate Rozana Basmati Rice 5 kg ,570,429,None,None,INDIA GATE
164, Jivo Cold Pressed Sunflower Oil 5 Ltr - Chemical free ,"1,350.00",799,None,None,JIVO
165," Farmley Popular California Almonds, 100% Natural, 2 Times Crunchier, 500 g ",899,449,None,None,FARMLEY
166, Date Crown Premium Fard Dates 500 g ,257,169,None,None,DATE CROWN
167, Suhana Simla Premium 1 Liter Danedar Cow Ghee | Pure Cow Ghee | 1Liter ,775,449,None,None,SUHANA SIMLA
168, Yogabar 500g Cashews W320 | 100% Natural Premium Whole Cashews | Whole Crunchy Cashew | Premium Kaju nuts | Nutritious & Delicious | Gluten Free & Plant based Protein ,600,449,None,None,YOGABAR
169, Gulab Classic Refined Cottonseed Oil 5 L ,782,555,None,( 111.00/1 l),GULAB
170, Good Life Compounded Hing Powder 50 g ,95,55,None,None,GOOD LIFE
171, India Gate Mini Mogra Basmati Rice 10 kg ,675,535,None,( 53.50/1 kg),INDIA GATE
172, Tulsi California Rozana Value Almonds 1 Kg ,"1,140.00",749,None,None,TULSI
173, Rice Villa Rozana Basmati Rice 26 Kg ,"2,600.00","1,559.00",None,( 59.96/1 kg),"RICE VILLA, DEVICE OF SHIELD, PADDY TREE"
174, Molsi's 1Kg Kimia Dates (500gX2) ,550,345,None,None,MOLSI'S
175, Good Life Masoor Dal 1 kg ,135,113,None,None,GOOD LIFE
176, Pyramid Traders 1KG Kashmiri Mamra Almonds (Badam Giri) ,"4,000.00","1,070.00",None,None,PYRAMID TRADERS
177, Good Life Soya Wadi / Chunks 200 g ,55,27,None,None,GOOD LIFE
178, Good Life Filtered Groundnut Oil 1 L ,215,179,None,None,GOOD LIFE
179, Fortune Soya Health Refined Soyabean Oil 5 L ,680,615,None,( 123.00/1 l),FORTUNE
180, Jubilee Regular Long Grain Rice 1 kg ,190,63,None,None,JUBILEE
181, BLK FOODS Select 500g Cashews Nuts (320 no. Kaju) ,"1,150.00",369,None,None,BLK FOODS
182, Good Life Thick Poha / Aval 500 g ,38,34,None,None,GOOD LIFE
183, Dhara Filtered Groundnut Oil 1 L (Pouch) ,255,205,None,None,DHARA
184, Fortune Mogra Basmati Rice 10 kg ,800,599,None,( 59.90/1 kg),FORTUNE
185, Parth Jaggery 950 g ,90,62,None,None,PARTH
186, Fortune Besan 1 kg ,160,106,None,None,FORTUNE
187, Tata Salt 2 kg ,55,48,None,None,TATA
188, Prabhat Cow Ghee 1 L (Pouch) ,725,539,None,None,PRABHAT
189, Tata Rock Salt 1 kg ,120,99,None,None,TATA
190, Good Life Whole (W320) Cashews 200 g ,250,189,None,None,GOOD LIFE
191, India Gate Regular Choice Basmati Rice 5 kg ,520,435,None,None,INDIA GATE
192, Dhara Kachi Ghani Mustard Oil 5 L ,825,749,None,( 149.80/1 l),DHARA
193, Nutraj Special Round Raisin 1 Kg (500 g X 2) ,598,329,None,( 32.90/100 g),NUTRAJ
194, DAIRY SAGAR GOPAL Desi Cow Ghee |Made Traditionally from Curd |Pure Cow Ghee for Better Digestion and Immunity | 1Ltr Tetra Pack ,680,399,None,None,DAIRYSAGAR
195, Good Life Urad Dal 1 kg ,191,159,None,None,GOOD LIFE
196, Broken Wheat / Daliya 1 kg ,120,49,None,None,PRIVATE LABEL
197, Fortune Biryani Special Basmati Rice 1 kg ,210,134,None,None,FORTUNE
198," Farmley 1kg Popular Almonds Californian, 100% Natural, 2 Times Crunchier Badaam ","1,799.00",799,None,None,FARMLEY
199, Good Life MP Wheat Chakki Atta 10 kg ,500,419,None,( 41.90/1 kg),GOOD LIFE
200, Wonderland Foods Platinum California Pistachios Roasted & Salted 400 g ,725,409,None,None,WONDERLAND FOODS
201, Good Life Kabuli Chana 1 kg ,266,221,None,None,GOOD LIFE
202, Naturoz 1kg Daily Whole Cashews ,"1,125.00",795,None,None,NATUROZ
203, Nutraj California Walnut Kernels 250g ,499,319,None,( 319.00/250 g),NUTRAJ
204, Tata Sampann Unpolished Kala Chana 500 g ,74,68,None,None,TATA SAMPANN
205, Good Life Washed Gota Urad 1 kg ,198,161,None,None,GOOD LIFE
206, Pillsbury Chakki Fresh Atta / Flour 5 kg ,286,219,None,( 43.80/1 kg),PILLSBURY
207, Nature's Choice Arabian Dates 500 g ,200,99,None,None,NATURE'S CHOICE
208, Satvikk 1000 gm Premium Almonds Californian 1 KG ,"1,400.00",689,None,None,SATVIKK
209, Fortune Rozana Basmati Rice 1 kg ,130,89,None,None,FORTUNE
210, Good Life Almonds 200 g ,270,175,None,None,GOOD LIFE
211, Gemini Refined Sunflower Oil 5 L ,890,625,None,( 125.00/1 l),GEMINI
212, DailyHerbs Anjeer 1kg - Premium Quality Afghani Anjeer | Naturally Dried Figs | Perfect for a Healthy Lifestyle ,"1,299.00",539,None,None,DAILYHERBS
213, India Gate Super Basmati Rice 5 kg ,"1,080.00",729,None,None,INDIA GATE
214, AweLiv Pure Olive Oil - 1 Ltr (Imported from Spain) ,"1,350.00",375,None,None,AWELIV
215, GO KITCHEN Afghanistan Afghani Anjeer Figs Big Size Anjir Dried Figs Zero Added Sugar & Preservatives Dry Fruit (Pack of 250 gram) ,359,249,None,None,GO KITCHEN
216," English Nuts Mixed Dry Fruit, Nuts, Seeds, Berries - 1kg Trial Mix| 10+ Varieties | Lowest Price I ","3,000.00",519,None,None,ENGLISH NUTS-THE DRY FRUITS HOUSE
217, Lali Balaji DAILY NUT California Almond VALUE 1000gm (250gm x pack of 4) ,"1,240.00",689,None,None,LALI BALAJI
218, Good Life Whole Moong 1 kg ,188,143,None,None,GOOD LIFE
219, Anjani Popular Cashews/Kaju 1 kg ,"1,599.00",799,None,None,ANJANI
220, Farmley Whole Cashews Natural Raw W400 Kaju 500g ,749,399,None,None,FARMLEY
221, Good Life California Roasted & Salted Pista 200 g ,299,235,None,None,GOOD LIFE
222, Amul Cow Ghee 500 ml (Pouch) ,325,308,None,None,AMUL
223, GKD's Premium Pure Coconut Oil Jar (1 L) ,380,299,None,None,GKD'S PREMIUM
224, Smith & Jones Ginger Garlic Paste 200 g ,50,29,None,( 14.50/100 g),SMITH & JONES
225, Sundrop SuperLite Advanced Refined Sunflower Oil 3 L ,489,489,None,( 163.00/1 l),SUNDROP
226, Good Life Brown Chana 1 kg ,136,105,None,None,GOOD LIFE
227, Puro Healthy Salt 1 kg ,110,95,None,None,PURO
228," RED ROSE ROYAL BASMATI RICE 5KG I XXXL BIRYANI RICE I BEST BASMATI RICE FOR BIRYANI, 5 KG ","1,299.00",699,None,( 139.80/1 kg),RED ROSE
229, LILA DRY FRUITS 500gms x 2 (1 Kgs) Mason Jar Pack Premium Dried Afghani Anjeer| Dried Figs ,"1,499.00",659,None,None,LILA DRY FRUITS
230, Good Life Phool Makhana 250 g ,300,249,None,None,GOOD LIFE
231, Nature's Choice Mixed Dry Fruits 400 g ,260,199,None,None,NATURE'S CHOICE
232, Tata Sampann Unpolished Tur / Arhar Dal 1 kg ,289,259,None,None,TATA SAMPANN
233, Sharbati Wheat 5 kg ,285,199,None,( 39.80/1 kg),PRIVATE LABEL
234," GUNJAL SILKY PARMAL RICE, 30 KG ","1,699.00","1,649.00",None,( 54.97/1 kg),GUNJAL
235, Utkal's KASPER 30 Kg SONA MASURI RAW RICE ,"2,038.00","1,698.00",None,( 56.60/1 kg),UTKAL'S KASPER
236," Pawan Foods ""Paaritosh"" Premium Kacchi Ghani Mustard Oil 2 Litre | Sarso ka Tel Pure | Khusi ke Sath, Bhojan ka Swad | Natural with Healthy | kali Sarso ka Tel ",520,425,None,None,PAWAN
237, BLK Foods 1Kg Indian Kishmish | Big Size Raisins ( 500g x 2) ,"1,400.00",349,None,None,BLK FOODS
238, Foodcan Kismis 1 Kg Black Afghani Raisin Dakh (Kishmis) 1 Kg Saver Pack ,"1,000.00",329,None,None,FOODCAN
239, Good Life Dry White Peas 500 g ,67,61,None,None,GOOD LIFE
240, Everest Kashmirilal Chilli Powder 100 g ,124,105,None,( 105.00/100 g),EVEREST
241, Lotus Spices Green Elaichi 10 g ,39,28,None,None,LOTUS
242, Gemini Filtered Groundnut Oil 1 L ,230,199,None,None,GEMINI
243, Good Life Mixed Dry Fruits 500 g ,349,289,None,None,GOOD LIFE
244," Marwar Red Chili Powder 1 Kg (Lal Mirchi Powder | Red Chilly Powder, Agmark Grade) 1 Kilogram Pack ",560,279,None,None,MARWAR
245, Good Life Black Pepper 50 g ,65,55,None,None,GOOD LIFE
246," Grocery On The Go MIX DRY FRUITS Almonds, Apricots, Cashews, Pistachios, Walnuts, Raisins 250GM ",578,288,None,None,GROCERY ON THE GO
247, Happilo 1kg Almonds|100% Natural California Almonds ,"1,300.00",899,None,None,HAPPILO
248, Dhara Health Refined Sunflower Oil 5 L ,780,599,None,( 119.80/1 l),DHARA
249, Good Life Chitra Rajma 500 g ,112,97,None,None,GOOD LIFE
250, Good Life Unpolished Moong Dal 500 g ,103,79,None,None,GOOD LIFE
251, Farmley Handpicked Gold Makhana ( Fox Nuts) 250g ,300,269,None,None,FARMLEY
252, Daawat Devaaya Basmati Rice 5 kg ,720,539,None,None,DAAWAT
253, OM+ Filtered Groundnut Oil Pouch 5 ltr (Pack of 5) ,"1,500.00",939,None,None,OM+ FILTERED GROUNDNUT OIL
254, Good Life Premium Sona Masuri Rice 1 kg ,100,57,None,None,GOOD LIFE
255, Fortune Soya Wadi / Chunks 200 g ,60,55,None,None,FORTUNE
256, Good Life Unpolished Moong Dal 1 kg ,202,155,None,None,GOOD LIFE
257, Fortune Thick Poha 500 g ,70,35,None,None,FORTUNE
258," BANIYYA SETH Dried Afghani Anjeer / Figs, Rich in Iron, Fibre & Vitamins, Low in calories and Fat Free | Source of Dietary Fiber, 1 KG ","1,299.00",549,None,None,BANIYYA SETH
259, Good Life Jeera 1 kg ,"1,450.00",715,None,( 35.75/50 g),GOOD LIFE
260, Being Vegan Afghani Anjeer Figs Afghanistan Dry Anjir Dried Figs Dry Fruits (500 Grams) ,"1,679.00",363,None,None,BEING VEGAN
261, Pansari Kachi Ghani Mustard oil/Sarso Cooking Oil| Good for Bones & Heart| - 3 Litre ,759,519,None,None,PANSARI
262, Kasturika Mini Mogra Steam Basmati 10 Kg Rice ,930,579,None,( 57.90/1 kg),KASTURIKKA
263, Ching's Secret Schezwan Fried Rice Masala 20 g ,10,9,None,None,CHING'S SECRET
264, ALEMA MOGRA BASMATI RICE 30KG ,"4,451.00","1,499.00",None,( 49.97/1 kg),ALEMA
265, Good Life Surti Kolam Rice 1 kg ,105,68,None,None,GOOD LIFE
266, Good Life Jeerasar Rice 1 kg ,53,53,None,None,GOOD LIFE
267, Fortune Mini Mogra Basmati Rice 10 kg ,700,499,None,( 49.90/1 kg),FORTUNE
268, Tata Sampann Unpolished Kabuli Chana 500 g ,160,148,None,None,TATA SAMPANN
269, Gowardhan Pure Cow Ghee 500 ml (Pouch) ,385,345,None,None,GOWARDHAN
270, Kitchen Jungle Premium Dry Figs| Anjeer - 1kg FIGS | Dry Anjir (Dried Figs) ,"1,799.00",599,None,None,KITCHEN JUNGLE
271, Nutraj Gold Walnut Kernels 250 grams| Walnut without Shell Kernels| Akhrot Giri Dry Fruit ,435,319,None,( 319.00/250 g),NUTRAJ
272, 921 CLASSIC BASMATI MOGRA | MUNGRA RICE - 10KG ,625,529,None,( 52.90/1 kg),921
273, Good Life Phool Makhana 100 g ,150,119,None,None,GOOD LIFE
274," Foodcan Dried Apricots 1 Kg | Khumani Khurbani, Jardalu Dry Fruit Badam Bor| Dry Fruits | 1 Kg Saver Pack ","1,500.00",369,None,None,FOODCAN
275, Good Life Whole Masoor 500 g ,65,55,None,None,GOOD LIFE
276," Eatyumm Indian Poppy Seeds / Khus Khus / Posto Dana,400 Gram ","2,000.00",549,None,None,EATYUMM
277, Good Life Idli Rice 1 kg ,95,57,None,None,GOOD LIFE
278, Molsi's 1kg Arabian Black Dates (500gX2) ,480,375,None,None,MOLSI'S
279, Everest Tikhalal Chilli Powder 100 g ,68,63,None,None,EVEREST
280, Good Life Walnut Kernels 500 g ,750,659,None,None,GOOD LIFE
281," VEEDINT CUMIN SEEDS, JEERA WHOLE, CUMIN SEED WHOLE, 1 KG PACK ",950,785,None,None,VEEDINT
282, Good Life Wada Kolam Rice 10 kg ,800,655,None,( 65.50/1 kg),GOOD LIFE
283, BLK Foods 1Kg Cashew ( 200g x 5) ,"2,450.00",799,None,None,BLK FOODS
284, Gulab Filtered Groundnut Oil 15 L ,"3,862.00","3,069.00",None,( 204.60/1 l),GULAB
285, Good Life Unpolished Toor Dal 500 g ,137,118,None,None,GOOD LIFE
286," GreenFinity: Premium Chia Seeds 300g - Raw Chia Seeds For Eating With Omega 3 & Fibre for Weight Loss management, [Jar Pack of 1]. ",494,174,None,None,GREENFINITY
287, Good Life Black Raisin 500 g ,240,189,None,None,GOOD LIFE
288, Tata Pink Salt 1 kg ,80,59,None,None,TATA SALT
289, Nutri Binge California Almonds 200g (200g x 2) ,540,349,None,None,NUTRI BINGE
290, Brill Kishmish (Green Raisin) (500g x 2pkt) 1Kg ,700,300,None,None,BRILL
291, Anjani Daily California Almond (Badam) 1 Kg ,"1,319.00",699,None,None,ANJANI
292, India Gate Dubar Basmati Rice 1 kg ,159,132,None,None,INDIA GATE
293," Pawan Foods ""Paaritosh"" Premium Kacchi Ghani Mustard Oil, 5Ltr | Khushi Ke Saath, Bhojan Ka Swaad (5Ltr) Mustard Oil Tin (5 L) ","2,360.00",999,None,None,PAWAN
294, Dhara Filtered Groundnut Oil 5 L ,"1,300.00","1,049.00",None,( 209.80/1 l),DHARA
295, Parmatma | Kachi Ghani Pure Mustard Oil | Good for Heart | Cholesterol Free | Fortified with vitamin D | Delicious food | Ideal for cooking food - 500ml ,87,87,None,None,PARMATMA
296, Good Life California Roasted & Salted Pista 500 g ,569,569,None,None,GOOD LIFE
297, Kashmir Exotics Kashmiri Walnut Kernels Light Brown Halves Vacuum Packed 400 G ,749,425,None,None,KASHMIR EXOTICS
298, Good Life Walnut Kernels 200 g ,305,275,None,None,GOOD LIFE
299, Good Life Big Fennel 100 g ,120,89,None,( 44.50/50 g),GOOD LIFE
300, NAVJEEVAN BLACK PEPPER 500g. ,820,349,None,None,NAVJEEVAN
301, Good Life HMT Kolam Rice 30 kg ,"1,750.00","1,359.00",None,( 45.30/1 kg),GOOD LIFE
302, Notlih 1Kg Premium Raisins | Indian Green Kishmish | (Pack Of 2 - 500g Each) ,"1,000.00",348,None,None,NOTLIH
303, Aashirvaad Superior MP Whole Wheat Atta 2 kg ,122,109,None,( 54.50/1 kg),AASHIRVAAD
304, Good Life HMT Kolam Rice 10 kg ,600,545,None,( 54.50/1 kg),GOOD LIFE
305," Horaira Nutz Premium Dry fruits Combo Pack 750gm Cashew , Almond , Raisins (Pack of 3 Each 250gm) ","1,300.00",570,None,None,HORAIRA NUTZ
306," Eatyumm Cardamom Green Whole - Grade - Big Size, 100g(Hari elaichi) - Premium Bold Size ",599,299,None,None,EATYUMM
307, Good Life Whole (W320) Cashews 100 g ,120,99,None,None,GOOD LIFE
308, Tata Sampann Unpolished Urad Dal 1 kg ,224,208,None,None,TATA SAMPANN
309, Veganic Unrefined Desi Khand/Khhand | Khandsari Sugar | Sulphur-free Khand | Mishri Powder | Semi Crystal Sugar | Full Of Minerals & Nutrients (900g) ,499,215,None,None,VEGANIC
310, Notlih 500g Green Cardamom | Hari Elaichi | Whole Elaichi | Premium Quality ,"3,000.00",999,None,None,NOTLIH
311, Good Life Chilka Urad Dal 500 g ,92,76,None,None,GOOD LIFE
312, Happilo 500g Popular Almond California ,625,434,None,None,HAPPILO
313, Angur Oily Toor Dal 5Kg ,"1,500.00","1,300.00",None,( 260.00/1 kg),ANGUR
314, ERAVAT Parmal 30kg Rice | Silky Parmal I TAKA TAK RICE ,"1,800.00","1,570.00",None,( 52.33/1 kg),ERAVAT RICE
315, Rentio Premium Deshi Oiled Tur / Arhar Dal 5 kg ,950,785,None,None,RENTIO
316, Guinea Filtered Groundnut Oil 15 L ,"3,600.00","2,990.00",None,( 199.33/1 l),GUINEA
317, Marwar Mirchi (Red Chilly powder-500g) + Haldi (Turmeric powder-200g) + Dhania (Coriander powder-200g) Agmark Spices Super Saver Combo Pack of 900g ,388,229,None,None,MARWAR
318, Nature's Bliss Calcutta Meetha Paan Mouth Freshner Paan mukhwas Without Supari Jar Packing FD Quality Product (400gm) ,449,189,None,None,NATURE'S BLISS
319, Good Life Unpolished Chana Dal 1 kg ,142,115,None,None,GOOD LIFE
320, BLK Foods Select 1Kg Californian Almond Kernel | American Jumbo size Healthy Badam Giri Nuts (500g x 2packs) ,"2,300.00",749,None,None,BLK FOODS
321, Fortune Everyday Full Grain Basmati Rice 5 kg ,845,542,None,None,FORTUNE
322, Pillsbury Chakki Fresh Atta / Flour 10 kg ,551,389,None,( 38.90/1 kg),PILLSBURY
323, Daawat Premium Lachkari Wada Kolam Rice 10 kg ,950,699,None,( 69.90/1 kg),DAAWAT
324, Foodcan Raisins 1 Kg Original Afghani Kismis Dakh Green Long Size (Kishmis) Seedless 1 Kg Supersaver Pack ,"1,500.00",329,None,None,FOODCAN
325, Marwadi Farm Anjeer Figs 1kg ,"1,400.00",499,None,( 249.50/500 g),MARWADI FARM
326, Saffola Tasty Pro Fitness Concious Corn Based Blended Oil 1 L ,150,129,None,None,SAFFOLA
327," GO KITCHEN Healthy Dry Fruit Dried Figs Afghani Anjeer|Afghani Anjeer Figs Dry Fruits Anjir (Dried Figs) Dry Fruits Anjeer Big and Soft, 800gm Pack ","2,999.00",484,None,None,GO KITCHEN
328, Happilo 1kg Cashews | 100% Natural Premium Whole Cashews (Value Pack) ,"1,498.00",930,None,None,HAPPILO
329, Figaro Olive Oil 1 L ,"1,520.00","1,299.00",None,None,FIGARO
330, Good Life Unpolished Chana Dal 500 g ,72,58,None,None,GOOD LIFE
331," Farmley 8 in 1 Tasty Berry Mix Antioxidants Rich, Mix Dried Berries 400g(Pack of 2, Each 200 g) ",698,379,None,None,FARMLEY
332, Dr. Brand Rock Salt 1 kg ,99,75,None,None,DR. BRAND
333," ENVELOPE DRYFRUITS - THE WORLD OF FRESHNESS MIX DRYFRUITS TRIAL MIX 1 KG , PACK OF 2 X 500 GRAMS PREMIUM QUALITY ","3,000.00",525,None,None,ENVELOPE DRYFRUITS - THE WORLD OF FRESHNESS
334, Good Life Soya Wadi / Chunks 500 g ,135,67,None,None,GOOD LIFE
335, Vandevi Bandhani No 1 Hing Powder 50 g ,80,40,None,None,VANDEVI
336, Oreal 6L Premium Canola Oil | Healthy Cooking Oil | Rich Natural Anti Oxidants | Preservative Free |5+1 Litres ,"2,050.00","1,154.00",None,( 192.33/1 l),OREAL
337, Aashirvaad Chilli Powder 200 g ,144,72,None,None,AASHIRVAAD
338, Nutraj California Almonds 500 g ,599,349,None,None,NUTRAJ
339, Sonai Rich Aroma Danedaar Ghee 1 L (Pouch) ,610,499,None,None,SONAI
340, Good Life Unpolished Masoor Dal 1 kg ,139,123,None,None,GOOD LIFE
341," YUM YUM Dry Fruits Combo Pack 1Kg (Almonds 250g, Cashew 250g, Pista 250g, Kishmish 250g) ","1,850.00",879,None,None,YUM YUM
342, Pyramid Traders 1 KG Brown Plus Kashmiri Walnut Kernels (Without Shell) Akrot Giri ,"1,999.00",695,None,None,PYRAMID TRADERS
343, Nutraj California Roasted & Salted Pistachios 250 g | Crunchy & Healthy | Rich in Vitamin & Minerals ,499,369,None,( 369.00/250 g),NUTRAJ
344, Fortune Indori Thick Poha 500 g ,75,37,None,None,FORTUNE
345, Bharat Super Foods Dry Fruits Combo Pack - California Almonds & Cashew Nuts W320 - 100gm each (200gm) ,488,238,None,None,BHARAT SUPER FOODS
346, Organic Tattva Chakki Wheat Flour 5 kg ,375,249,None,( 49.80/1 kg),ORGANIC TATTVA
347, Dev Bhog Mogra Rice 30 Kg ,"3,400.00","1,499.00",None,( 49.97/1 kg),DEV BHOG
348, Mirchillion 1Kg Guntur Red Chilli Powder ,399,329,None,( 329.00/1 kg),MIRCHILLION
349, Bemisal Premium Shahi Pakwan Rice 1 kg ,172,62,None,None,BEMISAL
350, Wonderland Foods Dry Fruits California Almonds 250g & Cashews W320 250g Combo Pack ,949,449,None,None,WONDERLAND FOODS
351, Daawat Super Basmati Rice 5 kg ,"1,095.00",719,None,None,DAAWAT
352, Meewa 1 Kg Premium Walnut Quarter Kernels | Akhrot Giri 1000 Grams | Lowest Price | Best Quality | Vaccum Packed | Pack of 2 x 500 Grams | ,"3,000.00",779,None,None,MEEWA
353, Good Life Red Rajma 500 g ,115,101,None,None,GOOD LIFE
354, Coreganic Premium Afghani Jumbo Anjeer 1 kg ,"1,449.00",719,None,None,COREGANIC
355, Sweekar Refined Sunflower Oil 1 L ,194,109,None,None,SWEEKAR
356, Poorvigam Wooden Cold Pressed Groundnut Oil| Peanut Oil| 5 LTR ,"3,750.00","1,399.00",None,( 279.80/1 l),POORVIGAM
357, Wheatkart Whole Wheat Atta - 10 KG ,749,559,None,( 55.90/1 kg),WHEATKART
358, Daawat Sehat Mini Mogra 60 Basmati Rice 10 kg ,650,529,None,( 52.90/1 kg),DAAWAT
359, Kinsfolk 1 L Extra Virgin Olive Oil - (Imported Oil from Spain) ,"1,100.00",499,None,None,KINSFOLK
360, Ziofit 500g Popular Almonds California ,625,434,None,None,ZIOFIT
361, Aeroplane Shudh Chakki Atta| 10 Kg ,450,419,None,( 41.90/1 kg),AEROPLANE BRAND
362, Dynamix Cow Ghee 1 L (Pouch) ,719,605,None,None,DYNAMIX
363, Good Life Chilka Moong Dal 500 g ,93,69,None,None,GOOD LIFE
364, The Oil Factory 1L Extra Light Olive Oil ,850,380,None,( 380.00/1 l),THE OIL FACTORY
365, Daawat Pulav Basmati Rice 1 kg ,165,129,None,None,DAAWAT
366, EPOK BOLA 1 kg Cashews| Daily Cashews | 1 kg (500gx2) | Value Pack ,"1,200.00",748,None,( 397.87/500 g),EPOK
367, Kohinoor Charminar Everyday Rice 5 kg ,550,299,None,None,KOHINOOR
368," Living Tree Cashews 500 gram (500g Value Pack of 1)| 100% Natural & Premium Whole Organic Cashew Nuts| King Size Crunchy Kaju Nuts| Premium Nuts & Dry Fruits| Rich in Fibre, Vitamin E, K, B6 & Boosts Immunity| Healthy Snacks ",798,399,None,None,LIVING TREE
369, Bioherbs 100% Natural Premium International California Almond 1 kg (Pack of 2) ,"3,598.00","1,399.00",None,None,BIO HERBS
370, Sunpure Refined Sunflower Oil 15 L ,"1,950.00","1,950.00",None,( 130.00/1 l),SUNPURE
371, FRESHTIGE 100% Natural and Premium Healthy Mix Dry Fruits 1KG Nuts | Fresh and Healthy Dry Fruits ,"1,299.00",664,None,None,FRESHTIGE
372, Paaritosh Mridang 2 Litre Sesame Oil Can | Premium Cold Pressed Sesame/Gingelly Oil (Til Ka Tel)| ,750,599,None,None,PAARITOSH
373, Good Life Whole Urad 500 g ,91,73,None,None,GOOD LIFE
374, Farmley Premium Natural Chia Seeds 200g ,199,149,None,None,FARMLEY
375, Aashirvaad Select Sharbati Whole Wheat Atta 1 kg ,68,59,None,None,AASHIRVAAD
376, Natureland Organics Brown Sugar 1 kg combo - Pack of 2 ,314,266,None,None,NATURE LAND ORGANICS
377, Good Life Washed Gota Urad 500 g ,100,81,None,None,GOOD LIFE
378, Nutri Binge 600g Premium California Almonds (200g x 3) ,810,499,None,None,NUTRI BINGE
379," Farmley Whole Cashews, W400 Raw Kaju (Pack of 2, Each 500g) ","1,498.00",849,None,None,FARMLEY
380, Good Life Fine Besan 500 g ,60,44,None,None,GOOD LIFE
381, Dalda Kachi Ghani Mustard Oil 1 L (Bottle) ,165,130,None,None,DALDA
382, Eatyumm Afghani Anjeer 1 kg Figs - Afghanistan Dry Anjir (Dried Figs) 1kg Jar Pack| Premium Quality ,899,529,None,None,EATYUMM
383, Lali Balaji Walnut kernel (Akhort Giri) 1000g (250g pack of 4) ,"2,140.00",893,None,None,LALI BALAJI
384, Tata Sampann White Thin Poha 500 g ,57,51,None,None,TATA SAMPANN
385," Future life Oats Atta | Whole Grains Oats | With Targeted Minerals of Zinc, Chromium, and Magnesium | Gluten-free | High Fiber and Protein | 100% Healthy & Natural | 1kg Pouch ",220,189,None,None,FUTURE LIFE
386," Aeroplane Rozana Premium Basmati Rice Perfectly Aged Long Grain with Rich Aroma Basmati Rice, 5 Kg ",625,449,None,None,AEROPLANE BRAND
387, Tata Sampann Garam Masala 100 g ,92,46,None,( 46.00/100 g),TATA SAMPANN
388, Good Life Cloves 50 g ,110,99,None,None,GOOD LIFE
389, Good Life (S) Fennel 100 g ,85,76,None,( 38.00/50 g),GOOD LIFE
390, Oreal 5L Premium Kachi Ghani Pure Mustard Oil | Chemical Free | Pure Sarso Cooking Oil -5 Litres ,"1,350.00",855,None,( 171.00/1 l),OREAL
391," Foodcan Walnut InShell-1 Kg Dry Fruits American Akhrot with shell, 1Kg ","1,500.00",499,None,None,FOODCAN
392, Good Life White Till 500 g ,190,158,None,( 15.80/50 g),GOOD LIFE
393," Aryionuts Pistachios/Pista Dry Fruits & Nuts | Rich in Vitamin & Minerals For Healthy,250g Incomplete ",899,536,None,None,ARYIONUTS
394, DAIRYSAGAR DAIRY MAKHAN Pure Desi COW Ghee ||Pure Ghee for Better Digestion and Immunity-1 ltr TetraPack ,680,398,None,None,DAIRYSAGAR
395," Aeroplane Daily Basmati Biryani Rice, 5 Kg ",825,449,None,( 89.80/1 kg),AEROPLANE
396, Everest Tikhalal Chilli Powder 500 g ,330,280,None,None,EVEREST
397, Nutraj Cashews 500 g ,699,399,None,None,NUTRAJ
398, Snacklorry 1 Kg Walnut Without Shell Quarter Kernels | Kashmiri Quarter Akhrot Giri | Walnut Kernels 1000 Grams| Vaccum Packed | Pack Of 4 x 250 Grams| Without Shell 1 Kg Akhrot Giri ,"1,999.00",687,None,None,SNACK LORRY
399, Pansari Rozana Basmati Rice 10 Kg | Royal Taste | Premium Pulao Rice ,900,799,None,None,PANSARI
400, Nesa Broken Raw Cashew -1Kg ,"1,600.00",629,None,None,NESA
401, Good Life Popcorn Maize 500 g ,95,69,None,None,GOOD LIFE
402, Daawat Devaaya Basmati Rice 1 kg ,145,109,None,None,DAAWAT
403, Satvikk 1000 gm Premium Almonds Californian (500 gmX2) ,"1,400.00",699,None,None,SATVIKK E
404, Catch Kitchen King Masala 100 g ,88,44,None,( 44.00/100 g),CATCH
405," Khari Foods Pure Afghani Saffron / Kesar Threads A+++ Grade / Kumkuma Puvvu / Kungumapoo Original, For Milk, Pregnant Women, Skin (1g) ",499,325,None,None,KHARI FOODS
406, Vijaya Ghee 1 L (Pouch) ,690,629,None,None,VIJAYA
407, Savastha Natural Jaggery | Vellam | Natural Chemical Free | Whole Round Shape Gur Jaggery-1 Kg ,225,214,None,None,SAVASTHA
408, GKD's Premium 100% Pure Coconut Oil 500 ML (Pack of 2) ,400,310,None,None,GKD'S PREMIUM
409, Lali Balaji Gold Makhana 200 g ,280,226,None,None,LALI BALAJI
410," Yogabar Cashews 1kg W320 (500g Value Pack of 2)| 100% Natural & Premium Whole Organic Cashew Nuts| King Size Crunchy Kaju Nuts| Premium Nuts & Dry Fruits| Rich in Fibre, Vitamin E, K, B6 & Boosts Immunity| Healthy Snacks ","1,200.00",799,None,None,YOGABAR
411, Pick N Cook Premium Surti Kolam Rice 10 kg ,800,595,None,( 59.50/1 kg),PICK N COOK
412, Lali Balaji Gold Makhana 100 g (Pack Of 4) ,560,369,None,None,LALI BALAJI
413, Catch Super Garam Masala 200 g ,98,49,None,( 24.50/100 g),CATCH
414, EATYUMM Seeded Dates ( Pin Khajoor) -[ Premium Quality] [ Hygienically Vaccum Packed] ,499,189,None,None,EATYUMM
415, Eassy Dairy 1 Liter Desi Ghee | Pure Ghee for Better Digestion | Immunity Booster| Tetra Pack ,620,449,None,None,EASSYDAIRY WITH DEVICE OF ED
416, Tata Sampann Unpolished Urad Dal 500 g ,113,105,None,None,TATA SAMPANN
417, TEMPERADO 100% Natural Premium 1000gms Whole Cashews | Whole Crunchy Cashew | Premium Kaju nuts | Nutritious & Delicious | Gluten Free | Source of Minerals & Vitamins | Dry Fruits ,"1,899.00",699,None,None,TEMPERADO
418, Rice Villa | Divine | 26 kg | Parboiled Rice | Silky Chap ,"1,690.00","1,532.00",None,( 58.92/1 kg),"RICE VILLA, DEVICE OF SHIELD, PADDY TREE"
419, Good Life Dosa Rice 1 kg ,65,57,None,None,GOOD LIFE
420," Wonderland Foods -Healthy Roasted Seeds Combo Pack of 4 - Chia 200g, Pumpkin 200g, Sunflower 200g and Flax 200g ","1,015.00",394,None,None,WONDERLAND FOODS
421, Natrixeed Premium Quality Anjeer 1kg - Naturally Dried Figs| Perfect for a Healthy Lifestyle ,"1,499.00",538,None,None,NATRIXEED
422, Lali Balaji DAILY NUT California Almond VALUE 500gm (250gm x pack of 2) ,620,377,None,None,LALI BALAJI
423, Snacklorry 1 Kg Premium Walnut Quarter Kernels | Akhrot Giri 1000 Grams | Lowest Price | 4pkts X250g ,"2,999.00",676,None,None,SNACK LORRY
424, Good Life Superfine Thin Poha / Aval 1 kg ,75,71,None,None,GOOD LIFE
425," GreenFinity Raw & Unroasted Pumpkin Seeds - 250g + 250g | Immunity Booster and Fiber Rich Superfood | Rich Source of Omega 3 | Highly Nutritious Snack | Rich in Protein, Dietary Fibre, Zinc & Magnesium - 500g ",994,354,None,None,GREENFINITY
426, Catch Red Chilli Powder 100 g ,67,44,None,None,CATCH
427, Nutrela Mini Soya Wadi / Chunks 200 g ,60,54,None,None,NUTRELA
428, 24 Mantra Organic Jaggery Powder 500 g ,80,55,None,None,24 MANTRA ORGANIC
429, Saffola Total Pro Heart Conscious Rice Bran Based Blended Oil 5 L ,"1,100.00",995,None,( 199.00/1 l),SAFFOLA
430, Daawat Pulav Basmati Rice 500 g ,85,65,None,None,DAAWAT
431, Everest Garam Masala 100 g ,98,91,None,( 91.00/100 g),EVEREST
432, Kohinoor Charminar Select Basmati Rice 1 kg ,135,99,None,None,KOHINOOR
433, Daily Nut California Roasted & Salted Pista (Pistachios) 1000gm (250gm x pack of 4) ,"1,860.00","1,034.00",None,None,LALI BALAJI
434," Farmley Premium Natural Chia Seeds 400g, Pack of 2- Each 200g ",398,249,None,None,FARMLEY
435, Tata Sampann Kitchen King Masala (5x20) 100 g ,94,47,None,( 47.00/100 g),TATA SAMPANN
436, Saffola Active Pro Weight Watchers Blended Oil 15 L ,"2,725.00","1,679.00",None,( 111.93/1 l),SAFFOLA
437, P Mark Kachi Ghani Mustard Oil 1 L ,265,165,None,None,P MARK
438, Good Life Wada Kolam Rice 30 kg ,"2,300.00","1,710.00",None,( 57.00/1 kg),GOOD LIFE
439, Dulhan Classic 5 kg XXXL Biryani basmati rice (Extra long rice/chawal) ,799,599,None,( 119.80/1 kg),DULHAN
440," Shrego Jumbo Raw Peanut, Desi Singdana, Red Peanuts, 350G (1x350G Vacuum Packed) ",160,159,None,None,SHREGO
441," Parityaag Commonly Searched Topics: dal, dal toor, toor dal, dal yellow, dals & pulses, dal pulses 1kg ",398,328,None,None,PARITYAAG
442, Daawat Sehat Mogra 70 Basmati Rice 10 kg ,800,625,None,( 62.50/1 kg),DAAWAT
443, Catch Jeera Powder 100 g ,135,90,None,None,CATCH
444, Baby Saffron 1g Pack | Premium Kesar | Blister Pack | 100% Pure Mongra Saffron/Kesar ,340,299,None,None,BABY
445, Kohinoor Charminar Select Basmati Rice 5 kg ,649,449,None,None,KOHINOOR
446, Gowardhan Pure Cow Ghee 200 ml (Jar) ,187,165,None,None,GOWARDHAN
447, Good Life In-Shell Walnuts 500 g ,349,299,None,None,GOOD LIFE
448, Goshudh Best Quality Peanut -1Kg (Pack Of 1) Moongfali (1000 g) ,599,290,None,None,GOSHUDH
449," 3P Kashmiri 1kg Walnut Kernels Walnuts Without Shell Brown Quarter, Bakery Akhrot Giri (250gm X 4) ","1,800.00",680,None,None,3P
450, Dr. Brand Mishri Dana 200 g ,24,21,None,None,DR. BRAND
451, Emami Healthy & Tasty Refined Sunflower Oil 1 L ,190,109,None,None,EMAMI
452, Good Life Black Raisins 100 g ,70,45,None,None,GOOD LIFE
453, Good Life Unpolished Masoor Dal 500 g ,71,63,None,None,GOOD LIFE
454, Good Life Whole Black Pepper 25 g ,35,28,None,( 56.00/50 g),GOOD LIFE
455, Organic Tattva Jaggery Powder 500 g ,90,59,None,None,ORGANIC TATTVA
456, Good Life Classic Kolam Rice 30 kg ,"2,000.00","1,639.00",None,( 546.33/10 kg),GOOD LIFE
457," NUTRIMIXX Premium Californian Roasted & Salted Pistachios 1 Kg| Pista Dry Fruit, Super Crunchy ","2,800.00","1,075.00",None,None,NUTRIMIXX
458, Ziofit Popular Whole Cashews 500g ,549,469,None,None,ZIOFIT
459, Dhara Filtered Groundnut Oil 15 L ,"3,570.00","3,099.00",None,( 206.60/1 l),DHARA
460, SAPPHIRE California Almonds/Badam (Independent) - Pack of 2 (250gm X 2) ,558,338,None,None,SAPPHIRE
461, India Gate Classic Basmati Rice 1 kg ,235,195,None,None,INDIA GATE
462, Molsi's Sayer Dates 1Kg ,320,249,None,None,MOLSI'S
463, Zoff 500gTamarind & 200g Cumin Seeds| Combo Pack of 700g ,590,225,None,None,ZOFF
464, Catch Kashmiri Mirch Powder 100 g ,125,83,None,None,CATCH
465, Varalakshmi Sabudana / Sago 500 g ,75,52,None,None,VARALAKSHMI
466, Pinkcity 2L Pure Sesame Oil | Til Oil | Gingelly Oil | Wood Pressed | 1Litre Bottle ,800,649,None,None,PINKCITY
467, LG Compounded Hing Powder 50 g ,92,85,None,None,LG
468, Catch Chatpata Chat Masala 100 g ,79,39,None,( 39.00/100 g),CATCH
469, The Nature Krafts Anjeer [Dried Figs] - 500gm Big Size Anjeer Afghanistan Anjir ,899,289,None,( 289.00/500 g),THE NATURE KRAFTS
470, Parivar Premium Sihori Wheat 10 kg ,525,455,None,( 45.50/1 kg),PARIVAR
471, India Gate Dubar Basmati Rice 5 kg+ 1 kg ,790,769,None,None,INDIA GATE
472, Catch Ginger Garlic Paste 200 g ,50,33,None,( 16.50/100 g),CATCH
473," Havoc Nuts Premium Unsalted Pistachio Kernels Without Shell, Sada Pista Dry Fruit, Shelled Nuts Super Crunchy & Delicious Healthy Snack | Vitamins & Minerals Rich | No Gluten (250 gram) ",999,474,None,None,HAVOC NUTS
474, Everest Kitchen King Masala 100 g ,88,81,None,( 81.00/100 g),EVEREST
475, Khari Foods 1kg Zahidi Dates | Khajur / Khajoor Dry Fruits | Energy Booster | High Fibre | Soft & Juicy Healthy Snacks ,599,270,None,None,KHARI FOODS
476, Good Life Sharmili Rajma 500 g ,86,76,None,None,GOOD LIFE
477, Pansari Super Saver Grocery Combo Package - 7 in 1 ,"1,073.00","1,073.00",None,None,PANSARI
478, Kohinoor Authentic Basmati Rice 1 kg ,199,129,None,None,KOHINOOR
479, Catch Garam Masala 100 g ,100,50,None,( 50.00/100 g),CATCH
480, Catch Sabzi Masala 100 g ,70,35,None,( 35.00/100 g),CATCH
481, Lali Balaji DAILY NUT California Almond VALUE 750gm (250gm x pack of 3) ,930,515,None,None,LALI BALAJI
482, Catch Turmeric Powder 200 g ,72,48,None,None,CATCH
483, Good Life Unpolished White Gota Urad 1 kg ,219,171,None,None,GOOD LIFE
484," Pyramid Traders 1 KG Kashmiri Mamra Almond in Shell, Sabut soft (Kagzi) ","1,500.00",515,None,None,PYRAMID TRADERS
485, STAR 555 Sona Masoori Rice Pouch - 30 Kg | Naturally Aged Rice | Rice For Daily Cooking ,"2,000.00","1,949.00",None,( 64.97/1 kg),STAR 555
486, Raams' Fox Nuts (Phool Makhana) 1Kg | Makhana Healthy Snacks | Lotus Seeds and Fox Nuts | Diet Food | Gluten Free | Organic Indian Food | Rich In Nutrients (Makhana 250gm Pack Of 4) ,"1,196.00",749,None,None,RRAAMS FOOD INTERNATIONAL
487, Kohinoor Charminar Brown Rice 1 kg ,119,79,None,None,KOHINOOR
488, Good Life Unpolished Whole Moong 1 kg ,213,153,None,None,GOOD LIFE
489, Daily Herbs Dried Premium Dry Anjeer 500g | Fig | Gluten Free & Sodium Free ,"1,199.00",349,None,None,DAILYHERBS
490," Aeroplane Everyday Biryani Basmati Rice, 25 Kg ","3,325.00","1,999.00",None,( 79.96/1 kg),AEROPLANE
491, The Oil Factory 5.25L Extra Light Olive Oil | Ideal for All Indian Cooking | Imported from Spain ,"4,900.00","1,700.00",None,( 323.81/1 l),THE OIL FACTORY
492, Pick N Cook Wada Kolam Rice 10 kg ,850,655,None,( 65.50/1 kg),PICK N COOK
493," Organic Sapphire Foods 1kg Premium ( VIP) Brown Dates, Original Brown Dates, Dried Dates |Rich in Iron | Healthy Food | Saudi Arabian Dates Organic Sapphire Foods 1 kg Arabic Dates ",599,245,None,None,ORGANIC SAPPHIRE FOODS
494, Catch Amchur Powder 100 g ,95,63,None,None,CATCH
495, Parmatma | Kachi Ghani Pure Mustard Oil | Good for Heart | Cholesterol Free | Fortified with vitamin D | Delicious food | Ideal for cooking food 2 litre ,380,330,None,None,PARMATMA
496, Kesari Amazing Saffron 250 mg ,119,59,None,( 11800.00/50 g),KESARI
497, Good Life Chilka Urad Dal 1 kg ,182,151,None,None,GOOD LIFE
498, Super Dairy Punjab Rich Desi Danedar Ghee 1 Kg (Carton) ,999,435,None,None,SUPER DAIRY PUNJAB
499, Oleev Active Blended Edible Vegetable Oil 5 L ,"1,395.00","1,295.00",None,( 259.00/1 l),OLEEV
500, Khari Foods 500g California Almonds | Badam Dry Fruits | Healthy Snacks ,699,339,None,None,KHARI FOODS
501, DILJEET SPICES Cumin Whole/Jeera /Cumin Seeds/Zeera/Caraway(200gms) ,309,240,None,None,DILJEET SPICES
502, Simla Premium 5 Liter Danedar Cow Ghee | Pure Cow Ghee | 5 Liter ,"3,750.00","2,099.00",None,None,SUHANA SIMLA
503," Chastity Dry Fruits Gift Pack of Cashew, Almond, Walnuts 350 gm ","1,299.00",379,None,None,CHASTITY
504, Kriti Refined Soybean Oil - 5L Square Jar (Pack of 1) ,709,699,None,( 139.80/1 l),KRITI
505, Good Life Bay Leaf 25 g ,25,15,None,None,GOOD LIFE
506, Tulsi Premium Indian Kishmish 500 g ,305,135,None,None,TULSI
507," Pure Pik Dry Red Chilli Whole, Hand Picked, Red Chilli Whole, Dry Red Chilli Whole, Dried Red Chilli, 100 G ",249,185,None,None,PURE PIK
508, Everest Tikhalal Chilli Powder 200 g ,136,126,None,None,EVEREST
509, 921 REHAAN CLASSIC BIRYANI SPECIAL 5KG BASMATI RICE ,850,649,None,( 129.80/1 kg),921
510, Pillsbury Chakki Fresh Atta / Flour 1 kg ,60,52,None,None,PILLSBURY
511, Leonardo Pomace Olive Oil 5 L ,"4,099.00","3,199.00",None,( 639.80/1 l),LEONARDO
512, Good Life (W240) Cashews 100 g ,138,90,None,None,GOOD LIFE
513, Good Life Fard Dates 500 g ,225,165,None,None,GOOD LIFE
514, Happilo 500g Almonds|100% Natural Californian Almonds (Value Pack) ,675,489,None,None,HAPPILO
515, Paras Nandan Cow Ghee 1 L (Pouch) ,675,555,None,None,PARAS
516, Mr.Gold Refined Sunflower Oil Can 5L with Iron Dosa Tawa worth Rs.250 ,"1,625.00",899,None,None,MR. GOLD
517, Maggi Masala Ae Magic 120 g (Pack of 20) ,110,102,None,( 85.00/100 g),MAGGI
518," Jivo Canola Cold Press Oil, 5 Ltr Healthiest Cooking Oil (Pack of 1) ","1,650.00","1,349.00",None,None,JIVO
519, Good Life Matta Vadi Rice 10 kg ,900,749,None,( 74.90/1 kg),GOOD LIFE
520," The Oil Factory Extra Virgin Olive Oil, First Cold Pressed,(Imported from Spain) Olive Oil - (5.25 L) ","6,300.00","1,910.00",None,( 363.81/1 l),THE OIL FACTORY
521, Pick N Cook Thick Poha / Aval 500 g ,60,30,None,None,PICK N COOK
522, Everest Chaat Masala 50 g ,44,40,None,None,EVEREST
523, Good Life Jeerasar Rice 10 kg ,700,539,None,( 53.90/1 kg),GOOD LIFE
524, NEXTSTEP ORGANIC Premium Green Cardamom Whole | Hari Elaichi Sabut 25g ,550,199,None,None,NEXTSTEP ORGANIC
525, Good Life Ajwain 200 g ,100,90,None,( 22.50/50 g),GOOD LIFE
526, 921 CHOCO LABEL (DAILY BASMATI RICE) SUPER MOGRA 10KG ,900,549,None,( 54.90/1 kg),921
527, Value Pack Plain Cashews (4 pcs) 500 g ,450,339,None,None,PRIVATE LABEL
528, Good Life Tibar Basmati Rice 1 kg ,99,79,None,None,GOOD LIFE
529, Good Life Jawar 1 kg ,63,55,None,None,GOOD LIFE
530, Mangalam 15 liter Ground nut oil | 100% pure | ,"3,500.00","2,800.00",None,None,MANGALAM
531, Jivo Cold Pressed Kachi Ghani Pure Mustard Oil 5 Litre ,"1,250.00",799,None,None,JIVO
532, Aeroplane Shudh Chakki Atta| 15 Kg(5 Kg*3 nos) ,675,639,None,( 42.60/1 kg),AEROPLANE BRAND
533, Wonderland Foods Premium Walnut Kernels 200 g ,435,209,None,None,WONDERLAND FOODS
534, Devaaya Weight Watchers Brown Rice 1 kg ,110,89,None,None,DEVAAYA
535, RICE VILLA PURE| GOBINDO BHOG RICE JEERA KASALA 10 KG| ,"1,570.00","1,019.00",None,( 101.90/1 kg),"RICE VILLA, DEVICE OF SHIELD, PADDY TREE"
536, Good Life Mixed Dry Fruits 200 g ,150,135,None,None,GOOD LIFE
537, SIMAV NATURALLY GOOD COLD PRESSED Groundnut Oil | COLD PRESSED Mungfali Ka Tel | COLD PRESSED Peanut Oil- 5Liter . ,"2,550.00","1,249.00",None,None,SIMAV NATURALLY GOOD
538," ORGANIC BASKET Mix Dry Fruits Almonds,Cashews,Raisins,Pista And Black Raisins , 250 Gram Each (Pack of 6) ",499,249,None,None,ORGANIC BASKET (THE BASKET OF PURITY)
539, Catch Turmeric Powder 500 g ,175,116,None,None,CATCH
540, Sunny Soya Fit Refined Soyabean Oil 1 L (Pouch) ,155,109,None,None,SUNNY
541, Parth Jaggery Powder 500 g ,90,59,None,None,PARTH
542," The Nature Krafts Mix Dry Fruits 500gm [ Almonds, Cashews, Walnuts, Raisins and More ] Jar Pack ",999,299,None,None,THE NATURE KRAFTS
543, SURYA 500gm GREEN CARDAMOM (HARI ELAICHI) WHOLE |ELAKULU ,"1,500.00",999,None,None,SURYA
544, True Elements Chia Seeds 500 gm - Non-GMO| Rich in Omega -3 & Fibre| Healthy Snacks for Weight loss ,600,299,None,None,TRUE ELEMENTS
545," Farmley Premium California Whole Dried Cranberries, Handpicked & Fresh 400 g ",520,283,None,None,FARMLEY
546," Horaira Nutz 1kg Walnuts Natural Sona White Fresh Walnuts , Akhrot Giri 1kg (4x250g) ","2,599.00",749,None,None,HORAIRA NUTZ
547, Healthy Land-Beyond Nutrition Premium Broken Cashew (1kg) ,"1,599.00",589,None,( 58.90/100 g),HEALTHY LAND - BEYOND NUTRITION
548, The Oil Factory 2L Pomace Olive Oil - 1L Pack of 2 ,"1,500.00",649,None,( 324.50/1 l),THE OIL FACTORY
549, NAVJEEVAN TAMARIND | IMLI | CHINCH SEEDLESS 1kg (500g X 2) ,340,249,None,( 124.50/500 g),NAVJEEVAN
550, Kinsfolk 2 L Groundnut Oil (1 L pack of 2) ,"1,100.00",439,None,( 219.50/1 l),KINSFOLK
551, Sunrich Refined Sunflower Oil 4.5 L ,835,519,None,( 103.80/1 l),SUNRICH
552, Double Horse Vadi Matta Rice 5 kg ,420,399,None,None,DOUBLE HORSE
553, Suhana Simla Premium 1 Liter Danedar Cow Ghee | Pure Cow Ghee (PACK OF 6) ,"4,650.00","2,349.00",None,None,SUHANA SIMLA
554, Everest Pav Bhaji Masala 100 g ,88,74,None,( 74.00/100 g),EVEREST
555, Ching's Secret Chowmein Hakka Noodles Masala 20 g ,55,51,None,None,CHING'S SECRET
556, Desi Kitchen Foxtail Millet 500 g ,75,55,None,None,DESI KITCHEN
557, SHAAN-E-SHAUKAT 1121 KINKI 26KG EXTRA LONG GRAIN BASMATI RICE. ,"2,000.00","1,249.00",None,( 48.04/1 kg),SHAAN-E-SHAUKAT
558, Good Life MP Sharbatti Atta 1 kg ,52,45,None,None,GOOD LIFE
559," Eatyumm Red Peanuts,2 kg Ground Fresh Nuts (Moongfali Sing Dana)Desi Singdana| Jumbo 2kg Pack ",999,469,None,None,EATYUMM
560, Good Life Premium Ponni Boiled Rice 10 kg ,800,699,None,( 69.90/1 kg),GOOD LIFE
561, Catch Turmeric Powder 100 g ,37,24,None,None,CATCH
562, Marwar Spices - 1.5 Kg (Red Chilly Mirchi Powder+ Coriander (Dhania) + Turmeric (Haldi) Powder) Saver Pack ,635,329,None,( 21.93/100 g),MARWAR
563, Bharvi Dates With Seeds - 1kg - Premium Dates|Khajoor|Khajur|Cholesterol Free| Soft Dates| ,599,251,None,None,BHARVI
564, Catch Coriander Powder 100 g ,40,26,None,None,CATCH
565, Good Life Cloves / Laung 15 g ,35,28,None,( 93.33/50 g),GOOD LIFE
566, Good Life Premium Ponni Boiled Rice 1 kg ,85,73,None,None,GOOD LIFE
567, Good Life Miniket Rice 10 kg ,700,625,None,( 62.50/1 kg),GOOD LIFE
568, Lali Balaji Atul Anjeer 500gm (250gm x pack of 2) ,660,453,None,None,LALI BALAJI
569, Foodcan Figs 1 Kg Dry Fruits (Afghani Anjeer| Dried Figs| Medium Size) 1Kg ,"1,600.00",649,None,None,FOODCAN
570, Everest Hingraj Powder 50 g ,143,132,None,None,EVEREST
571, Fortune Mini Soya Chunks 200 g ,60,55,None,None,FORTUNE
572, Borges Olive Oil for Indian Cooking 2L ,"2,600.00","2,149.00",None,None,BORGES
573, Clever Stevia Sugar 500gm low calorie Diabetic friendly Sugar ( Pack of 2 ) ,320,318,None,None,CLEVER
574, Varalakshmi Premium Sabudana / Sago 1 kg ,140,108,None,None,VARALAKSHMI
575, Jivo Pomace Cooking Olive Oil 5 Litre Tin Healthy Cooking Oil (Pack of 1) ,"4,999.00","2,200.00",None,None,JIVO
576, Yogabar 500g Almonds | 100% Natural Premium California Almonds 500g | Premium High Quality Almonds| High in Fiber & Boost Immunity | Real Nuts | Whole Natural Badam ,575,449,None,None,YOGABAR
577, Daawat Brown Basmati Rice 1 kg ,190,149,None,None,DAAWAT
578, OREE Premium Pure Natural Fresh Desi Jaggery Soft Block No Sugar Added Gud/ Jaggery Cube(100g) ,199,149,None,None,OREE
579, Snacklorry 1 Kg Walnut Without Shell Quarter Kernels | Kashmiri Quarter Akhrot Giri | Walnut Kernel ,"1,150.00",674,None,None,SNACK LORRY
580, RRO Primio Gold Filtered Groundnut Oil 1 L ,255,183,None,None,RRO
581, Jivo Cold-Pressed Canola Oil 5L + 1L ,"2,025.00","1,549.00",None,None,JIVO
582, Aashirvaad Turmeric Powder 500 g ,180,90,None,None,AASHIRVAAD
583, 10X SHAKTI CHAKKI FRESH ATTA 10 Kg ,598,565,None,None,10X SHAKTI
584, 41 Foods Dry fruits combo pack of Cashews Almonds Raisins | Kismis Kaju Badam ( 250GM x 3) 750 GM ,"1,999.00",596,None,None,41 FOODS
585, True Elements Chia Seeds 250g - Non-GMO| Rich in Omega -3 & Fibre| Healthy Snacks for Weight loss Pu ,350,189,None,None,TRUE ELEMENTS
586, Gemini Refined Soyabean Oil 5 L ,"1,050.00",604,None,( 120.80/1 l),GEMINI
587," Nut Toppers Arabian Dates, 800 g (400g x 2) ",500,236,None,None,NUT TOPPERS
588, Borges Extra Light Olive Oil 2 L ,"2,600.00","2,199.00",None,( 1099.50/1 l),BORGES
589, BLK Foods Select 1KG Mamra Almonds Big | Original Iranian 1000g (5 X 200g) ,"6,000.00","2,146.00",None,None,BLK FOODS
590," Living Tree Cashews 1000 gram (250g Value Pack of 4)| 100% Natural & Premium Whole Organic Cashew Nuts| King Size Crunchy Kaju Nuts| Premium Nuts & Dry Fruits| Rich in Fibre, Vitamin E, K, B6 & Boosts Immunity| Healthy Snacks ","1,596.00",729,None,None,LIVING TREE
591, Foodcan Chilgoza Neja Dry Fruits Lebanon Pine Nuts With Shell 50g ,800,349,None,None,FOODCAN
592, KLF Coconad Coconut Oil 1 L ,300,245,None,None,KLF COCONAD
593, India Gate Super Basmati Rice 1 kg ,230,219,None,None,INDIA GATE
594, Good Life Chironji 100 g ,195,165,None,None,GOOD LIFE
595, NUTRIMIXX 100% Natural Premium Crunchy Cashews 1 Kg| Nuts Dry Fruit| Gluten Free ,"1,799.00",630,None,None,NUTRIMIXX
596, Good Life Moth Bean 500 g ,73,65,None,None,GOOD LIFE
597, Good Life In-Shell Walnuts 1 kg ,699,599,None,None,GOOD LIFE
598, Everest Sambhar Masala 100 g ,78,72,None,( 72.00/100 g),EVEREST
599, Good Life Premium Ponni Raw Rice 1 kg ,85,57,None,None,GOOD LIFE
600, NAVJEEVAN JEERA WHOLE 1kg. ,"1,300.00",749,None,None,NAVJEEVAN
601, Priya Refined Sunflower Oil 15 L (Tin) ,"2,340.00","1,545.00",None,( 103.00/1 l),PRIYA
602," Wonderland Foods -Healthy Nuts Dry Fruits Combo Pack of 8 Pistachios 100g, Almond 100g, Cashew 100g, Black & Golden Raisins 100g, Anjeer 100g, Walnut Kernel 100g, Dried Apricot 100g ","1,300.00",671,None,None,WONDERLAND FOODS
603, Organic Tattva Raw Peanuts / Groundnuts 500 g ,165,129,None,None,ORGANIC TATTVA
604, Pick N Cook Brazil Big Chawli 500 g ,70,63,None,None,PICK N COOK
605, Subhog Parimal Rice 10 kg ,560,389,None,( 38.90/1 kg),SUBHOG
606, Kinsfolk 1 L Extra Light Olive Oil - (Imported Oil from Spain) ,"1,399.00",344,None,None,KINSFOLK
607, Pyramid Traders 1 KG Kashmiri Hard Shell Mamra Almond with shell ,"1,500.00",399,None,None,PYRAMID TRADERS
608, LG Compounded Hing 100 g ,182,169,None,None,LG
609, Daawat Devaaya Biryani Basmati Rice 1 kg ,250,135,None,None,DAAWAT
610, Farmley Prasadam Makhana 200g ,240,225,None,None,FARMLEY
611," Dry Mart Kashmiri Walnuts 1KG Without Shell/Premium Fresh Walnut Kernels/Akhrot Giri, Healthy & Delightful, Used for Snacking, Ingredient for Recipes, Cuisines & Desserts, Vaccum Pack (250GM*4) ","1,200.00",649,None,None,DRY MART
612, Kohinoor Charminar Rozana Rice 1 kg ,118,75,None,None,KOHINOOR
613, Pinkcity Wellness 5L Pure Sesame Oil | Til Oil | Gingelly Oil | Wood Pressed | 1 Litre Bottle ,"2,000.00","1,449.00",None,None,PINKCITY
614, Tata Sampann Meat Masala 100 g ,88,44,None,( 44.00/100 g),TATA SAMPANN
615, Good Life Malka Masoor 500 g ,66,58,None,None,GOOD LIFE
616, Good Life Gobindbhog Atap Rice 1 kg ,150,114,None,None,GOOD LIFE
617, VELEE Brand Dryfruits Combo Fruit & Nuts Diwali Gift Fancy Box Hamper P4 200 gram Almond Cashew Raisins Pistachio ,500,379,None,None,VELEE
618, Clever Stevia Sugar 500gm caloriefree Diabetic friendly Sugar ,160,159,None,None,CLEVER
619, Pyramid Traders 1 KG Broken Kashmiri Walnut Kernels ,"2,000.00",630,None,None,PYRAMID TRADERS
620, Kasturika Mini Mogra Steam Basmati 30 Kg Rice ,"1,860.00","1,359.00",None,( 45.30/1 kg),KASTURIKKA
621, Shree Tulsi Pure Sesame Oil 1L| Til Oil| Wood Pressed|For Puja use | 1 Litre Bottle ,449,269,None,None,SHREE TULSI
622, Sundrop SuperLite Advanced Refined Sunflower Oil 1 L (Pouch) ,265,245,None,None,SUNDROP
623, Parivar Premium Lokwan Wheat 10 kg ,515,449,None,( 44.90/1 kg),PARIVAR
624, GROCERY VILLA anjeer 1kg ,"1,199.00",549,None,None,GROCERY VILLA
625, Pink Delight Unpolished Dry Arhar Dal | Toor Daal | Tur Dal | Sambhar Dal | 500 Gm ,280,225,None,None,PINK DELIGHT
626, Suhana Chicken Biryani Spice Mix 50 g ,45,36,None,None,SUHANA
627, Fortune Xpert Pro Sugar Conscious Blended Vegetable Oil 5 L ,900,699,None,( 139.80/1 l),FORTUNE
628," Farmley Premium W240 Cashews, 100% Natural, Handpicked Kaju, 250 g ",399,349,None,None,FARMLEY
629, Nutrela Soya Wadi 200 g ,60,54,None,None,NUTRELA
630," GreenFinity 100% Iranian Pistachios Roasted & Salted, 500g [Jar Pack]. ",999,599,None,None,GREENFINITY
631," Farmley Premium Long Raisin (Kishmish) , Freshly Farm Picked, Healthy & Juicy 500 g ",239,215,None,None,FARMLEY
632, GIRIRAJ PRODUCTS PURE & NATURAL ANJEER 1KG [FIGS 1KG] ,"1,499.00",549,None,None,GIRIRAJ PRODUCTS PURE & NATURAL
633," GreenFinity 100% Iranian Pistachios Roasted & Salted, 500g + 500g [Jar Pack]. ","1,999.00","1,154.00",None,None,GREENFINITY
634," Vganic Peanuts/Moongfali Dana, Unpolished Peanuts Rich in Protein & Essential Nutrients, 250 gm ",165,156,None,None,VGANIC
635, Everest Chicken Masala 100 g ,92,85,None,( 85.00/100 g),EVEREST
636, Sundrop Heart Blended Edible Vegetable Oil 3 L ,429,429,None,( 143.00/1 l),SUNDROP
637, Dhara Nourish Vit A E Refined Sunflower Oil 15 L ,"2,480.00","1,799.00",None,( 119.93/1 l),DHARA
638," Mix Berry Dried without Sugar |Organic, 100% Natural, 0% Preservatives, Vegan, Sugar Free Imported Berries - 50g ",399,199,None,None,THE BERRY PEOPLE - FINEST BERRIES FOR FINEST PEOPLE
639, Bansuri gold Pure Sesame Oil 1L| Til Oil| Wood Pressed|For Puja use | 1 Litre Bottle-1 ,449,279,None,None,BANSURIGOLD
640, Good Life Fine Mustard 100 g ,25,17,None,( 8.50/50 g),GOOD LIFE
641, GKD's Premium 100% Pure Coconut Oil Jar 1L ,380,299,None,None,GKD'S PREMIUM
642, Coreganic 1kg 100% Natural International Popular Whole Cashews ,"1,599.00",719,None,None,COREGANIC
643, Pansari Kachi Ghani Mustard Oil 5L Jar | Pure Sarso Cooking Oil | Good for Bones & Heart | Improve functioning of Organs | Suitable for all Ages ,"1,230.00",839,None,None,PANSARI
644, Good Life Rozana Dubar Basmati Rice 1 kg ,89,75,None,None,GOOD LIFE
645, Freshtige Premium Dried Afghani Anjeer 1KG Pouch Pack| Dried Figs| Non-GMO Dried Figs ,"1,499.00",610,None,None,FRESHTIGE
646, Desi Kitchen Kodo Millet 500 g ,75,55,None,None,DESI KITCHEN
647, Rice Villa YUVRAJ Sona Masuri (Sambha) Steam Rice 26kg ,"2,210.00","1,758.00",None,( 67.62/1 kg),"RICE VILLA, DEVICE OF SHIELD, PADDY TREE"
648, Naturoz Daily Whole Cashews 500 g ,625,429,None,None,NATUROZ
649, Maharani Premium Mongra | Mungra | Tini Mongra Daily basmati rice 30 kg ,"1,680.00","1,599.00",None,( 53.30/1 kg),MAHARANI
650, SURYA 400gm RED CHILLI (LAL MIRCHI) WHOLE WITH STEM (Pack of 2; 200gm x 2) | Dried Whole Spices ,290,159,None,None,SURYA
651, Veganic Indian Sweet Dry Agra Petha | Famous Agra Sweets | Aagra Ka Pethha | Mithai/Meethai (400g) ,299,199,None,None,VEGANIC
652," Pure Pik Byadgi Chilli Whole, Stemless, Red Chilli Whole, Dry Red Chilli, Lal Mirch Sabut, 100 G ",299,209,None,None,PURE PIK
653, Good Life Bajra 1 kg ,59,49,None,None,GOOD LIFE
654, Farmley Premium Pumpkin Seeds 200g ,229,189,None,None,FARMLEY
655, PINK DELIGHT DAAL COMBO | ARHAR | CHANA | MOONG DHULI | MOONG CHILKA | URAD DHULI | 1 KG EACH ,"1,500.00","1,069.00",None,None,PINK DELIGHT
656," Foodcan Natural Pista Pistachios (Roasted & Salted, in Shell- Super Quality Big Size) 500g ","1,200.00",549,None,None,FOODCAN
657, Catch Peri Peri Masala Sprinkler 90 g ,99,49,None,None,CATCH
658, Appu Red Chilli Powder 1KG | Lal Mirchi Powder |Red Chilly Powder ,320,279,None,None,APPU
659, Catch Chat Masala Sprinklers 100 g ,85,76,None,( 76.00/100 g),CATCH
660, KEYA Oregano -10 g and Red Chilli Flakes -40 g Combo ,208,176,None,None,KEYA
661," Farmbean Millets 5Kg Combo Pack of 10 | Foxtail, Kodo, Little, Barnyard, Browntop Millet| Low GI | Nutrient Powerhouse, High Protein & More Fibre than Rice ","2,499.00","1,099.00",None,None,FARMBEAN
662, BANIYA SETH Handpicked Lotus Seeds / Fox Nuts Big Size Phool Makhana (Pop / Gorgon Nut Puffed Kernels ) (100g) ,399,249,None,None,BANIYYA SETH
663, RENTIO Oiled Toor Dal 2 kg | Premium Desi oiled Tur/Arhar Dal | 2 Packs of 1 kg each ,620,559,None,None,RENTIO
664, Everest Chicken Masala 50 g ,47,43,None,( 86.00/100 g),EVEREST
665, Tata Sampann Unpolished Whole Urad 500 g ,113,105,None,None,TATA SAMPANN
666, Rishi Pure Kimia Dates Gold Premium Dried Dates 600gm ,699,329,None,None,RISHI PURE
667, KAUL's 100% Natural Premium 1Kg (500 gms Pack of 2) Whole Cashews| Nutritious & Delicious Big Size Kaju ,"1,999.00",699,None,None,KAUL'S
668, Organic Tattva Tur / Arhar Dal 1 kg ,295,232,None,None,ORGANIC TATTVA
669, Fortune Biryani Special Basmati Rice 5 kg ,"1,050.00",789,None,None,FORTUNE
670, Saffola Tasty Pro Fitness Concious Corn Based Blended Edible Vegetable Oil 5 L ,805,649,None,( 129.80/1 l),SAFFOLA
671, Pink Delight Seedless Tamarind| Sabut Imli| Bina Beej Imli | 1 Kg ,480,260,None,None,PINK DELIGHT
672, Trinetra Sugar 5 kg ,"1,999.00",499,None,None,TRINETRA
673, Suhana Paneer Butter Masala Mix 50 g ,45,36,None,None,SUHANA
674, Pillsbury Multigrain Atta 5 kg ,352,264,None,( 48.00/1 kg),PILLSBURY
675, Kimia Dates | Original Kimia Dates | 500 Gm Each | Pack of 2 | 1 Kg ,550,480,None,None,KIMIA DATES
676, Shreeja Premium Makhana 1 kg Phool Makhana | Lotus Seeds (Makhana) ,999,638,None,None,SHREEJA
677, Eco Herbs Coconut Dried Copra 1 kg ,399,289,None,None,ECO HERBS
678, Farmley 200g Broken Walnuts Kernels Premium ,360,239,None,None,FARMLEY
679," Sangamam Rice, Sastha Sona Masoori Rice (26 Kg) , Broken Rice, Premium Sona Masoori Rice ","1,799.00","1,479.00",None,( 56.88/1 kg),SANGAMAM RICE
680, HAYYAN Own Farm Chemical free Sun dried Half Cut Coconuts ( Copra) - 400 gm ,350,170,None,None,HAYYAN
681, Ching's Secret Schezwan Fried Rice Masala 100 g (5 Sachets) ,60,49,None,( 49.00/100 g),CHING'S SECRET
682, Ching's Secret Veg Manchurian Masala 20 g ,10,9,None,None,CHING'S SECRET
683, Catch Coriander Powder 500 g ,205,137,None,( 27.40/100 g),CATCH
684," Yogabar Almonds 1 kg (500g Pack of 2)| 100% Premium California Dried Almonds |Badam Giri Nuts & Dry Fruits| Rich in Fiber, vitamin E, Magnesium, Calcium & Boost Immunity| Healthy Badami Snacks ","1,150.00",799,None,None,YOGABAR
685, Pink Delight Triple Refined Bura | Handmade | Sugar Powder | Kand | 500 Gm Pack ,200,149,None,None,PINK DELIGHT
686, Daawat Biryani Basmati Rice 1 kg ,235,195,None,None,DAAWAT
687, Nature's Choice Royale Fard Dates 500 g ,250,165,None,None,NATURE'S CHOICE
688, Tulsi California Inshell Walnuts 1 kg ,775,499,None,None,TULSI
689, Aashirvaad Kashmiri Mirch Powder 100 g ,140,70,None,None,AASHIRVAAD
690, Molsi's 400g Dry Roasted and Salted Pistachios (200gX2) ,750,485,None,None,MOLSI'S
691, Pink Delight Natural Organic Jaggery Cubes | Purest Jaggery | No Preservatives/Chemicals| 500 Gm Jar ,300,198,None,None,PINK DELIGHT
692, Khari Foods 1kg Almonds | California Badam Dry Fruit | Healthy Snacks ,"1,599.00",689,None,None,KHARI FOODS
693, Nuts About You WALNUT Inshell 1 kg ,900,520,None,None,NUTS ABOUT YOU
694, GKD's Premium 100% Pure Coconut Oil Jar 1L (Pack of 2) ,760,599,None,None,GKD'S PREMIUM
695, Tata Sampann Turmeric Powder 100 g ,41,32,None,None,TATA SAMPANN
696," Blueberry Dried without Sugar |Organic, 100% Natural, 0% Preservatives, Vegan, Sugar Free Imported Berries ",499,265,None,None,THE BERRY PEOPLE - FINEST BERRIES FOR FINEST PEOPLE
697, Jivo Gold Refined Oil Blend of Rice Bran oil & Sunflower oil 5 litre ,"1,049.00",749,None,None,JIVO
698, The Oil Factory Cold Pressed Organic Sesame Oil - 500 Ml ,360,180,None,( 360.00/1 l),THE OIL FACTORY
699, Double Horse Palakkadan Matta Rice 5 kg ,380,365,None,None,DOUBLE HORSE
700, Pyramid Traders 1 KG Kashmiri Walnuts ,"1,500.00",450,None,( 225.00/500 g),PYRAMID TRADERS
701, Long Live Extra Virgin Olive Oil (( Cold Pressed)) - 1 Ltr ,"1,100.00",449,None,( 449.00/1 l),LONG LIVE
702, Haldiram's Nagpur Fancy Dry Fruits Gift Box (WW) ,375,375,None,None,HALDIRAM'S NAGPUR
703, JD NUTS Dry Fig Afghani Anjeer Figs Afghanistan Dry Anjir Dried Anjeer Dry Fruits Pouch Pack 1 Kg ,"1,299.00",484,None,None,JD NUTS
704, SHAAN-E-SHAUKAT 1121 MONGRA 30 KG BASMATI RICE - BEST MONGRA ,"2,800.00","1,699.00",None,( 56.63/1 kg),SHAAN-E-SHAUKAT
705, Tata Sampann Chilli Powder 100 g ,73,58,None,None,TATA SAMPANN
706," Sri Sri Tattva Chana Dal - Split Bengal Gram, 1kg x Pack of 2 ",250,212,None,None,SRI SRI TATTVA
707, Smith & Jones Pasta Masala 98 g ,70,55,None,( 56.12/100 g),SMITH & JONES
708, Nutrela Soya Granules 200 g ,60,54,None,None,NUTRELA
709," Wheatkart Kitchen Basket ( Atta,Maida,Sooji,Besan) ","1,396.00",699,None,( 60.78/1 kg),WHEATKART
710, Tata Sampann Turmeric Powder 200 g ,76,60,None,None,TATA SAMPANN
711, Molimor Unrefined Ground nut oil/100% PURE/15 KG ,"3,800.00","3,750.00",None,( 237.34/1 kg),MOLIMOR
712, Dr. Brand Sakariya / Prasad Sugar 150 g ,16,14,None,None,DR. BRAND
713, Eatyumm Cumin Seeds (Jeera) 1kg|Kitchen Spice|Organic Farm Jeera Cumin Seeds jeera ,"1,499.00",799,None,None,EATYUMM
714, Tata Sampann Chaat Masala 100 g ,80,40,None,( 40.00/100 g),TATA SAMPANN
715, GKD's Premium 100% Pure Coconut Oil Pouch 1 L ,330,269,None,None,GKD'S PREMIUM
716, Good Life Big Brown Chana 1 kg ,185,145,None,None,GOOD LIFE
717, Nature Aahar's Premium 1kg Anjeer - Delicious and Nutritious Dry Figs ,"1,999.00",499,None,( 249.50/500 g),NATUREAAHAR
718, Catch Red Chilli Powder 500 g ,300,200,None,None,CATCH
719, BLK Foods Select 1.0Kg Jumbo Super Crunchy Almonds Californian ,"2,250.00",897,None,None,BLK FOODS
720, Marwar Combo Pack of | Pumpkin Seeds + Sunflower Seeds | 250 Gms Each | Pack of 2 ,800,299,None,None,MARWAR
721, Nutrela Soya Chunks / Wadi 1 kg ,210,149,None,None,NUTRELA
722," Dhampur Green 800g Organic Jaggery Powder | 100% Organic, 100% Pure & 100% Chemical Free | Jaggery Powder For Tea and Coffee , Milk, Mithai Sweets ",199,197,None,( 246.25/1 kg),DHAMPUR GREEN
723," RRAAMS Healthy Phool Makhana (Fox nuts/Lotus Seeds) , Total 750 gms (Pack of 3 x 250 gms) ",897,499,None,None,RRAAMS FOOD INTERNATIONAL
724, India Gate Classic Basmati Rice 5 kg ,"1,170.00",899,None,None,INDIA GATE
725," YUM YUM 1 kg California Almonds, 100% Natural Badam Giri Dry Fruits ","1,850.00",799,None,None,YUM YUM
726, Kanaiya Murmura 500 g ,60,45,None,None,KANAIYA
727, Snapin Pizza Seasoning Combo 42 g ,60,49,None,( 11.67/10 g),SNAPIN
728, Kriti Refined Sunflower Oil - 5L Square Jar (Pack of 1) ,749,649,None,( 129.80/1 l),KRITI
729, India Gate Weight Watchers Special Brown Rice 1 kg ,152,132,None,None,INDIA GATE
730, SURYA 200gm CINNAMON STICKS (DALCHINNI) | WHOLE SPICES| HERBS ,175,169,None,( 84.50/100 g),SURYA
731, Everest Sabji Masala 100 g ,72,66,None,( 66.00/100 g),EVEREST
732, Good Life Lokwan Wheat 10 kg ,600,369,None,( 36.90/1 kg),GOOD LIFE
733," GreenFinity Mix Dry Fruits and Nuts, 500g [Almonds, Pistachios, Walnuts, Cashew, Pumpkin, Cranberry, Black Raisin] Healthy Gift Hamper for Every Occasion Fresh and Healthy Dry Fruits, Seeds & Nuts. ",994,399,None,None,GREENFINITY
734," Farmley Premium California Roasted & Salted Pistachios 400g, Pack of 2 Each- 200g ",738,549,None,None,FARMLEY
735, Good Life Kalimunch Raw Rice 1 kg ,65,65,None,None,GOOD LIFE
736, Everest Turmeric Powder 500 g ,180,153,None,None,EVEREST
737," GreenFinity Raw Chia Seeds, Flax Seeds, Pumpkin Seed, Sunflower Seed, Watermelon Seeds & Muskmelon Seeds Combo(950g, Pack of 6) ",699,545,None,None,GREENFINITY
738, Nature Fresh Sampoorna Chakki Whole Wheat Atta 5 kg ,240,215,None,( 43.00/1 kg),NATURE FRESH
739, Catch Chicken Masala 100 g ,90,45,None,( 45.00/100 g),CATCH
740," Farmley Dry Fruit Seed Mix 400g Chia seeds, Pumpkin seeds, Flax Seed & More Seed, Roasted seeds ",399,249,None,None,FARMLEY
741," Khari Foods Organic Pure Jaggery Powder 2kgs, Natural Sweetener, No Adulteration ",799,349,None,None,KHARI FOODS
742, Organic Tattva Ragi Millet Flour 500 g ,70,46,None,None,ORGANIC TATTVA
743, Nature's Bridge Seedless Black Raisins | Dried Kishmish Without Seeds | Raisins- 250 Gm Jar ,399,199,None,None,NATURE'S BRIDGE
744, GreenFinity Cardamom Green Whole - 50gm + 50gm Sabut Elaichi Grade - Big Size (Buy 1 Get 1 Free). ,794,264,None,None,GREENFINITY
745, The Oil Factory 5.25L Pomace Olive Oil | Ideal for All Indian Cooking | Imported from Spain ,"4,500.00","1,600.00",None,( 304.76/1 l),THE OIL FACTORY
746, ANMOL RICH 26 Kg Raw Sona Masoori Rice ,"1,999.00","1,699.00",None,( 65.35/1 kg),ANMOL
747, Fortune Dubar Basmati Rice 1 kg ,149,116,None,None,FORTUNE
748, Nutraj Recipe Ready Walnut Kernels 500g (250g X 2) | Akhort Giri 500g | Walnut without Shell ,898,519,None,( 260.49/250 g),NUTRAJ
749, FreshoCartz Dried Figs Premium Quality Afghani Anjir 1 kg ,"1,599.00",569,None,None,FRESHOCARTZ
750, Kinsfolk 2 L Pure Coconut Oil (1L pack of 2) ,"1,500.00",439,None,( 219.50/1 l),KINSFOLK
751, Navjeevan No.1 Hing Powder 500g. ,700,420,None,None,NAVJEEVAN
752, Horaira Nutz Raisins Almonds Cashews Pistachios Combo Pack 1kg(250gm Pack of 4) ,"1,999.00",859,None,None,HORAIRA NUTZ
753, FarmNuts-Seedless Green Raisins |kismis| |Dry Grapes| |kishmish| Significantly Lower Blood Pressure (100 gm) ,220,149,None,None,FARMNUTS
754, Good Life Idli Rawa 500 g ,25,23,None,None,GOOD LIFE
755, Brij gwala Wawa Desi Cow Ghee| Pure Cow Ghee for Better Digestion and Immunity| 1Ltr Tetra-1 ,580,399,None,None,BRIJ GWALA
756," RRAAMS Healthy Phool Makhana (Fox nuts/Lotus Seeds) , Total 250 gms (Pack of 1 x 250 gms) ",299,199,None,None,RRAAMS FOOD INTERNATIONAL
757, Kinsfolk 5.25 L Cold Pressed Groundnut Oil Plastic Bottle ,"1,999.00","1,333.00",None,( 253.90/1 l),KINSFOLK
758, DS AGRO - Whole Raw Broken Cashews - 1 KG | 1/2 Pieces | 500 gm x 2 | Pack of 2 | Pet jar | W320 Grade ,"1,099.00",649,None,None,DS AGRO
759, The Nature Krafts Jumbo Handpicked Lotus Seeds /Fox Nuts Big Size Phool Makhana 1kg (Pop / Gorgon Nut Puffed Kernels ) ,"1,599.00",999,None,None,THE NATURE KRAFTS
760, Brij Gwala Desi Cow Ghee |Made Traditionally from Curd |Pure Cow Ghee for Better Digestion and Immunity | 1Ltr Tetra Pack ,580,398,None,None,BRIJ GWALA
761," Angur Chana Dal | 100% Vegan, Unpolished and Gluten Free Dal - 5Kg ",950,599,None,None,ANGUR
762," Dry Fruit Hub - Kesar Saffron Original 1gm | Daily Nuts kumkumapuvvu, A+ + Grade Kashmiri Kesar ",449,320,None,None,DRY FRUIT HUB
763," Mr.Gold Refined Sunflower Oil Can, 3L ",870,500,None,None,MR. GOLD
764, Good Life (W240) Cashews 200 g ,260,180,None,None,GOOD LIFE
765, Mirchillion 1Kg Kashmiri Chilli Powder Saver Pack ,799,639,None,( 639.00/1 kg),MIRCHILLION
766, NUTRIMIXX Premium Kashmiri Mamra Almonds| 1 Kg | A+ grade Badam| High Protein & Vit E Content ,"2,899.00","1,300.00",None,None,NUTRIMIXX
767, Pick N Cook Matki 500 g ,85,77,None,None,PICK N COOK
768, Wonderland Foods Premium Roasted & Salted Pistachios 200 g ,390,209,None,None,WONDERLAND FOODS
769, Lali Balaji Atul Anjeer 1000gm (250gm x pack of 4) ,"1,320.00",833,None,None,LALI BALAJI
770, Wonderland Foods Premium Munch The Healthy Crunch Value Pack Almonds 500 g ,725,349,None,None,WONDERLAND FOODS
771, Sundrop Lite Sunflower Refined Oil 1 L ,190,159,None,None,SUNDROP
772, Tilsona Gold Til Oil 1 L ,415,375,None,None,TILSONA
773, Pinkcity Wellness Cold Pressed Yellow Mustard Oil 4 L | Wood Pressed| 4x 1 Litre Bottle ,"1,600.00",799,None,None,PINKCITY
774, Snapin Pizza Mix 45 g ,99,92,None,( 20.44/10 g),SNAPIN
775, Organic Tattva Kabuli Chana 500 g ,175,117,None,None,ORGANIC TATTVA
776, Chandan Special Mukhwas 100 g ,45,22,None,( 11.00/50 g),CHANDAN
777, La Casa Original Lacha Kashmiri Saffron Kesar 2 Gm (1gx2) ,999,349,None,None,LA CASA
778, Everest Garam Masala 50 g ,52,48,None,( 96.00/100 g),EVEREST
779, Ahaar Chana Brown 1Kg /Kala Chana whole ,236,236,None,None,AHAAR
780, Goldiee Kashmiri Mirch Powder 100 g ,116,58,None,None,GOLDIEE
781, RENTIO 5 Kg Oiled Toor Dal | Fresh Premium Desi Oily Tur/Arhar Dal ,"1,550.00","1,319.00",None,None,RENTIO
782, Everest Turmeric Powder 200 g ,70,65,None,None,EVEREST
783, Magik Cook Besan Premium Quality 100% Chana Dal Gram Flour (Pack of 500 Gram) ,75,75,None,None,MAGIK COOK
784, Sagar Pure Ghee 1 L (Tin) ,650,610,None,None,SAGAR
785, Good Life Arwa Katarni Rice 10 kg ,700,559,None,( 55.90/1 kg),GOOD LIFE
786," GreenFinity Healthy & Tasty Jumbo Pumpkin, Jumbo Sunflower - 250g, Flax Seeds, Chia Seeds - 300g Jar ",899,414,None,None,GREENFINITY
787, Gemini Vanaspati 1 L ,150,118,None,None,GEMINI
788, Ponkathir White Puttu Podi 1Kg x 2 Pkts(2 Kg) | Soft Puttu| Rice Powder| Export Quality (2Kg) ,244,244,None,None,PONKATHIR
789, Tata Sampann Kasuri Methi 25 g ,30,15,None,None,TATA SAMPANN
790, ANDRAMART- Solitaire Whole Cashew - 1 kg | kaju | Best Quality Cashews from PALASA ,"1,200.00",649,None,None,ANDRAMART
791," RED ROSE DAILY BASMATI RICE, SUPER MONGRA, RICH AROMA, PERFECT FOR EVERYDAY USE, 10 KG ",999,799,None,( 79.90/1 kg),RED ROSE
792," Happilo Essentials Popular Whole Cashew W400 500g, Healthy Snack, Source of Protein ",675,469,None,None,HAPPILO
793, Wonderland Foods Dry Fruits California Almonds 1Kg & Raw Cashew (Kaju) 1Kg W320 Grade Combo Pack ,"3,400.00","1,625.00",None,None,WONDERLAND FOODS
794, Jivo Cold Pressed Canola Oil 1 L (Buy 1 & Get 1 free) ,650,469,None,None,JIVO
795, DAIRY GOPAL DAIRY MAKHAN 1 Litre Desi Cow Ghee|Immunity Booster and 100% Pure Cow Ghee|Made Traditionally from Curd |Pure Ghee for Better Digestion and Immunity Pure Ghee (Pack of 1) ,680,399,None,None,DAIRY GOPAL
796, Khari Foods 1kg Black Kimia Dates | Premium Dates | Healthy Snacks ,699,349,None,None,KHARI FOODS
797," Freshtige Dried Premium Afghani Apricots (Khurbani)1000g(1Kgs) Pouch Pack | Vegan,Sun Dried Apricots ",799,391,None,None,FRESHTIGE
798," GreenFinity Raw Pumpkin, Sunflower Seeds for Eating Protein and Fibre Rich Food For Immunity Booster Diet Food Pack of 2 - 250g (JAR Pack) ",998,354,None,None,GREENFINITY
799, Catch Amchur Powder 50 g ,47,31,None,None,CATCH
800, Nature Prime Premium Plain Unsalted Pistachio Kernels Without Shell 250G ,"1,000.00",329,None,None,NATURE PRIME
801, Catch Red Chilli Powder 200 g ,133,88,None,None,CATCH
802," Dhanush Baan Premium Afghani Black Raisins, Kali Kishmish 500 g - Jar (2 x 250 g) Kismis Dry Fruits ",550,261,None,None,DHANUSH BAN
803," Dry Fruit Hub Pumpkin Seeds 1Kg - AAA Grade, Raw Pumpkin Seed, Super Diet Food ","1,050.00",649,None,None,DRY FRUIT HUB
804, Emperor Seedless Dates 500 g ,280,199,None,None,EMPEROR
805, Everest Chaat Masala 100 g ,85,79,None,( 79.00/100 g),EVEREST
806, SIMAV NATURALLY GOOD Groundnut Oil | Mungfali Ka Tel | Peanut Oil- 15Liter. ,"4,499.00","3,149.00",None,( 209.93/1 l),SIMAV NATURALLY GOOD
807, Jivo Cold Pressed Canola Oil 5 L and Get 1 L Olive Oil Free ,"1,650.00","1,399.00",None,( 233.17/1 l),JIVO
808, 24 Mantra Organic Ragi Flour 500 g ,65,60,None,None,24 MANTRA ORGANIC
809, Priya Kachi Ghani Mustard Oil 1 L ,189,129,None,None,PRIYA
810, Gulab Gold Filtered Groundnut Oil 15 L ,"3,647.00","3,069.00",None,( 204.60/1 l),GULAB
811, 24 Mantra Organic Unpolished Kabuli Chana/White Chickpeas/Chole - 500Gm | Pack of 1 | Chemical Free & Pesticides Free | Adds Variety to Your menu | Goodness Intact ,195,195,None,None,24 MANTRA
812, Good Life Green Raisins/ Kishmish 100 g ,39,37,None,None,GOOD LIFE
813," Sri Sri Tattva Toor Dal - Split Pigeon Pea, 1kg ",230,195,None,None,SRI SRI TATTVA
814, Good Life Apricots 100 g ,80,76,None,None,GOOD LIFE
815, Dr. Brand Black Salt 200 g ,23,21,None,None,DR. BRAND
816, Organic Tattva Suji 500 g ,65,43,None,None,ORGANIC TATTVA
817, THE PRAKRITI FOODS BY KHATIRDAARI Mamra Almond from Fram Fresh 100G ,445,222,None,None,THE PRAKRITI FOODS BY KHATIRDAARI
818, Daily Nut Raisin Value 1000gm (250gm x pack of 4) ,480,328,None,None,LALI BALAJI
819, Being Vegan Premium Afghani Farm Dry Dates | Sukha Khajoor | kharak | Chuara Pack of 900 gm Yellow ,799,369,None,None,BEING VEGAN
820, Chandan 5 in 1 Mix Mouth Fresheners 200 g ,280,140,None,( 35.00/50 g),CHANDAN
821, Nutraj Gold Arabian Dates 500g (Pack of 2) ,398,319,None,None,NUTRAJ
822, DAIRYSAGAR SHRI NAND KESARI Desi Cow Ghee| Premium Cow Desi Ghee| Pure Cow Ghee for better Digestion and Immunity|| 1ltr JAR (pack of 1) ,680,399,None,None,DAIRYSAGAR
823, Dhara Filtered Groundnut Oil 1 L (Carton) ,245,209,None,None,DHARA
824, Borges Extra Virgin Olive Oil 1 L ,"1,400.00","1,199.00",None,None,BORGES
825, SSKE Gift Pack 300 g(Cashew /Almond /Yellow Raisins /Pistachio/Caramel Crunch/Dark Chocolate 15 PCS) ,"1,050.00",325,None,None,SSKE
826," Farmley Prasadam Raisins Kishmish 400g, Pack of 2 Each- 200g ",398,189,None,None,FARMLEY
827, TilSona Gold Til Oil 500 ml ,220,205,None,None,TILSONA
828, True Elements 7 in 1 Super Seeds Mix 125g - Mix Seeds| Diet Snacks| Roasted Seeds for Eating ,149,149,None,None,TRUE ELEMENTS
829, Good Life Matta Vada Rice 1 kg ,100,75,None,None,GOOD LIFE
830, Wheatkart Whole Wheat Atta - 5 KG ,449,319,None,( 63.80/1 kg),WHEATKART
831, Double Horse Roasted Appam Powder | Roasted Rice Flour | Rice Flour | 500 Grams ,55,55,None,None,DOUBLE HORSE
832, Emperor Seeded Dates 500 g (Pack of 2) ,250,189,None,None,EMPEROR
833, King's Physically Refined Rice Bran Oil 900 g ,185,103,None,None,KINGS
834, Kinsfolk Extra Virgin Olive Oil (( Imported Olive Oil from Spain) ) -250ml ,310,161,None,None,KINSFOLK
835, EATYUMM Green Cardamom Powder 100 Grams| Ilaichi Powder| Elaichi Powder| Aromatic ,499,199,None,None,EATYUMM
836, 24 Mantra Organic (S) Mustard 100 g ,35,22,None,( 11.00/50 g),24 MANTRA ORGANIC
837, Rice Villa | Pure | 26 kg | Gobindo Bhog | Jeera Kasala | Kaima rice ,"3,640.00","2,419.00",None,( 93.04/1 kg),"RICE VILLA, DEVICE OF SHIELD, PADDY TREE"
838, Organic Tattva Brown Sugar 1 kg ,160,107,None,None,ORGANIC TATTVA
839, Farmley Flax Seeds 200g Alsi Seeds Fibre Rich Flax Seeds for Hair Growth Seeds for Eating ,330,109,None,None,FARMLEY
840, The Berry People Afghan Black raisin sugarfree | Good for heart | High dietary fibre | Fresh breakfast items | Superfood by The Berry People -50gms ,299,111,None,None,THE BERRY PEOPLE - FINEST BERRIES FOR FINEST PEOPLE
841, GKD's Premium 100% Pure Coconut Oil PET Bottle (1L) ,380,279,None,None,GKD'S PREMIUM
842, Nutraj W450 Cashew Nuts 800g (Pack of 2 x 400g) ,"1,198.00",669,None,( 83.63/100 g),NUTRAJ
843, Desi Kitchen Little Millet 500 g ,75,72,None,None,DESI KITCHEN
844, Nutraj Munakka Raisin (Abjosh) 400g (200g X 2) ,498,369,None,( 92.25/100 g),NUTRAJ
845, Pinkcity Wellness Pure Sesame Oil 1L| Til Oil| Gingelly Oil| Wood Pressed | 1 Litre Bottle ,400,375,None,( 375.00/1 l),PINKCITY
846," CHATOKDE Anjeer Figs - Afghanistan Dry Anjir (Dried Figs) Dry Fruits, Increases Immunity & Purify the Blood 1KG ","2,000.00",549,None,None,CHATOKDE
847, MTR Sambar Powder 100 g ,86,77,None,( 77.00/100 g),MTR
848, Desi Label Organic Desi Khand khandsari Natural & Unprocessed Raw Sugar | Organic & Unrefined | Unprocessed & Natural | Free from chemicals and preservatives | Substitute to refined white sugar | Immunity booster (Pack Of 2(2 Kg)) ,560,357,None,None,DESILABEL
849, Suhana Simla Premium 1 Liter Danedar Buffalo Ghee | Pure Buffalo Ghee | 1Liter ,775,449,None,None,SUHANA SIMLA
850, Gemini Physically Refined Ricebran Oil 1 L (Pouch) ,180,129,None,None,GEMINI
851, Good Life Surti Kolam Rice 30 kg ,"2,400.00","1,680.00",None,( 56.00/1 kg),GOOD LIFE
852, Suhana Mutter Paneer Spice Mix 50 g ,45,36,None,None,SUHANA
853, Everest Turmeric Powder 100 g ,38,35,None,None,EVEREST
854, Everest Black Pepper Powder 50 g ,78,72,None,( 144.00/100 g),EVEREST
855, Pansari Mahak Mogra Basmati Rice 26 kg ,"1,700.00","1,532.00",None,None,PANSARI
856, Everest Pav Bhaji Masala 50 g ,46,42,None,None,EVEREST
857, India Gate Jeera Rice 1 kg ,135,105,None,None,INDIA GATE
858, Good Life Pulses Mix For Sprout 500 g ,78,67,None,None,GOOD LIFE
859, Good Life Surekha Rice 10 kg ,650,609,None,( 60.90/1 kg),GOOD LIFE
860, Good Life Soya Granules 200 g ,60,30,None,None,GOOD LIFE
861," Sri Sri Tattva Rock Salt - Premium Quality 2kg, 1kg x Pack of 2 ",240,216,None,None,SRI SRI TATTVA
862," SHIOSC SUN PARUVAR- Refined Sunflower Oil Pouch, 1L ( Pack of 5) ","1,150.00",739,None,None,SHIIOSC SUN PARIVAR
863, Wondernut Heathy Testy Super Food (Mix nut and Seeds) 500gm Pack of 2 in 250gm ,899,345,None,None,WONDERNUT
864, Nupsila Parmal Raw Rice - 25 kg ,"2,500.00","1,390.00",None,None,NUPSILA
865, Borges Extra Virgin Olive Oil 2 ltr ,"2,700.00","2,199.00",None,None,BORGES
866, Good Life Ambemohar Raw Rice 1 kg ,150,115,None,None,GOOD LIFE
867, NEXTSTEP ORGANIC Caraway Seeds | Shah Jeera | Shahi Jeera | Black Cumin Seeds 100g ,600,209,None,None,NEXTSTEP ORGANIC
868, Marwar Kashmiri Red chili Powder (Kashmiri Lal Mirch Powder) 400g ,500,299,None,None,MARWAR
869, Pitaamah Surti Kolam Rice - 5kg - Lashkari Kollam - Unpolished Rice - Aromatic Rice ,999,599,None,None,PITAAMAH
870, Lotus Phool Makhana 100 g ,149,129,None,None,LOTUS
871, Pinkcity 5L Pure GroundNut Oil | Natural | Chemical Free | 1Ltr x 5 Bottles ,"2,000.00","1,150.00",None,None,PINKCITY
872, Coreganic 1kg 100% Natural International Premium Broken Cashews ,"1,499.00",649,None,None,COREGANIC
873, Laxmi Daily Feast 5 kg Toor Dal Oily | Arhar Dal | Tur Dal Coated with Oil Also Used as Pigeon Pea ,"1,899.00","1,399.00",None,( 279.80/1 kg),LAXMI
874, Satvikk Phool Makhana 400 Gms foxnuts/popped lotus seeds ( 100 Gm X Pack of 4) ,480,399,None,None,SATVIKK
875, Everest Hingraj 100 g ,275,255,None,None,EVEREST
876, Farmley Roasted Cashew Chatpata Flavoured Cashews Standee Pouch 200g ,379,269,None,None,FARMLEY
877, Coreganic 1kg 100% Natural International Premium California Almonds ,"1,799.00",719,None,None,COREGANIC
878, VEER BRAND ROYAL - Extra Long Grain XXXL 5 Kg Biryani Basmati Rice ,999,699,None,( 139.80/1 kg),VEER BRAND
879, RUDRAKSH Sharbati Wheat 30kg Premium Quality ( Narmada Chandausi) ,"2,100.00","1,549.00",None,( 51.63/1 kg),RUDRAKSH BRAND
880, MADHURI Cold Pressed Groundnut Oil | Cold Pressed Mungfali Ka Tel | Cold Pressed Peanut Oil- 15Liter ,"4,115.00","3,340.00",None,None,MADHURI
881," Shrego Radhe Roasted Chana, Bhuna Chana (Desi Chickpeas) , Healthy Snacks & Namkeen, 360G (1X360G) ",200,179,None,None,SHREGO
882, BLK Foods Daily 300gms Fresh phool Makhana (Foxnuts / lotus seeds) 300g (3 X 100g) ,750,299,None,None,BLK FOODS
883, India Gate Regular Choice Basmati Rice 10 kg ,945,799,None,( 79.90/1 kg),INDIA GATE
884, Double Horse Puttu Podi 1kg ,120,120,None,None,DOUBLE HORSE
885," Spellfry 100% Pure Kachi Ghani Mustard Oil, 15 KG, Tin ","5,600.00","2,790.00",None,None,SPELLFRY
886, JIVO Pomace Cooking Olive Oil 2L Olive Oil Plastic Bottle (2 L) ,"1,449.00",849,None,None,JIVO
887, Catch Coriander Powder 200 g ,78,52,None,None,CATCH
888, CHATOKDE 100% Natural and Premium Healthy Mix Dry Fruits and Nuts Healthy for Every Occasion Fresh and Healthy Dry Fruits (1kg) ,"2,000.00",569,None,None,CHATOKDE
889, Bambino Red Chilli Powder Each 500 Gms X Pack of 2 (1kg) ,560,349,None,None,BAMBINO
890, Standard Pulav Rice 2 kg ,139,139,None,None,PRIVATE LABEL
891," Farmley Roasted Cashew Black Pepper Flavored Cashew Standee Pouch Pack of 2, each 200 gm ",758,469,None,None,FARMLEY
892," Kinsfolk 1L(500mlx2) Sesame Oil Cold Pressed (Virgin, Chekku/Ghani) - 500ML Pack of 2 ",698,353,None,( 353.00/1 l),KINSFOLK
893, Daawat Rozana Gold Basmati Rice 1 kg ,115,89,None,None,DAAWAT
894, Good Life Unpolished White Gota Urad 500 g ,111,86,None,None,GOOD LIFE
895, Good Life Broken (2 pcs) Cashews 500 g ,499,399,None,None,GOOD LIFE
896, Marwar Jeera Whole Cumin Seeds (Machine Clean JIRA Big Bold Size) 400g ,800,489,None,None,MARWAR
897, BLUE HIMALAYAS KASHMIRI PREMIUM WALLNUT KERNELS ONE TREE WALLNUTS HIGH QUALITY ,999,949,None,None,BLUE HIMALAYAS
898, Samrat Chana Besan 1 kg ,150,105,None,None,SAMRAT
899, Guinea Filtered Pure Groundnut Oil 5 L ,"1,275.00","1,139.00",None,( 227.80/1 l),GUINEA
900, Ramdev Chilli Powder 500 g ,355,301,None,None,RAMDEV
901," The Nature Krafts Mix Dry Fruits 1kg [ Almonds, Cashews, Walnuts, Raisins and More] Jar Pack ","1,699.00",499,None,None,THE NATURE KRAFTS
902, Madam Rawa 500 g ,42,40,None,None,MADAM
903," Farmbean Premium Whole Spices Combo Pack of 2 -500Gms (Cumin 250g, Fenugreek Seeds 250g) ",999,399,None,None,FARMBEAN
904, HealthFields Organic Black Pepper Whole / Kali Mirch - 100 Gm ,140,140,None,None,HEALTH FIELD
905, BHUMI-KA-AH Cardamom Elaichi ilaichi Green Grade A 100 GM ,496,219,None,( 219.00/100 g),BHUMI-KA-AH
906, Daawat Rozana Super Basmati Rice 10 kg ,963,699,None,( 69.90/1 kg),DAAWAT
907, Farmley Trail Mix 400g Mixes of Nuts Dried fruits Dried Berries Seeds 400g (Pack of 2 each 200g) ,698,349,None,None,FARMLEY
908, Triangle Walnut Kernels 1 Kg Quarter Kashmiri Premium Akhrot Giri Vaccum Pack Without Shell Lowest Price ,"3,000.00",670,None,None,TRIANGLE
909, Desi Kitchen Proso Millet 500 g ,75,59,None,None,DESI KITCHEN
910, Wonderland Foods Raw Cashews 500 g ,770,399,None,None,WONDERLAND FOODS
911, Annprash Desi Khand - 1 kg (Pack of 2) ,998,220,None,None,ANNPRASH
912, Manna Millets Combo pack of 3 | Unpolished Millets| Siridhanya| Foxtail| Kodo| Little ,390,385,None,None,MANNA
913, Freshtige Rosemary Dried Leaves - For Hair Growth | Rosemary Herb Tea | Organic | Natural (100 Gram) ,499,199,None,None,FRESHTIGE
914, Indrayani Rice 2 kg ,125,125,None,None,PRIVATE LABEL
915," Marwar Coriander Powder, (Agmark Grade Dhania Powder) 1 Kg Pack ",300,219,None,None,MARWAR
916, Smith & Jones Peri Peri Masala 72 g ,70,55,None,None,SMITH & JONES
917," RED ROSE ROYAL XXXL BASMATI RICE, EXTRA LONG GRAIN, BEST BASMATI RICE FOR BIRYANI, 10 KG ","2,499.00","1,499.00",None,( 149.90/1 kg),RED ROSE
918, APLENTY Unrefined Desi Khand/Khhand | Khandsari Sugar | Sulphur-free Khand | Mishri Powder | Semi Crystal Sugar | Full Of Minerals & Nutrients (200g) ,299,169,None,None,APLENTY
919, Pro Nature Organic Unpolished Tur / Arhar Dal 1 kg ,279,271,None,None,PRO NATURE
920, Daawat Brown Basmati Rice 5 kg ,830,679,None,None,DAAWAT
921," Khari Foods Everyday Cashews 500g, Whole Kaju Dry Fruits, No Adulteration ",799,365,None,None,KHARI FOODS
922, Good Life Popcorn Maize 200 g ,29,29,None,None,GOOD LIFE
923," Farmley Mix Dry Fruit -Panchmeva Combo of Almond, Cashew, Dates, Black Raisin, Green Raisin - 450 g ",519,399,None,None,FARMLEY
924, Pink Delight Double Refined Sulphurfree Sugar | 5 Kg Pack ,700,560,None,None,PINK DELIGHT
925, Surya 1 kg Ginger Garlic Paste| Adrak Lahsun Paste| Ready to Use Cooking Paste ,560,239,None,None,SURYA
926, Molsi's 200 g Dry Roasted and Salted Pistachios ,375,275,None,None,MOLSI'S
927," Sri Sri Tattva Shuddhta ka naam Organic Brown Sugar, 1kg x Pack of 2 ",320,288,None,None,SRI SRI TATTVA SHUDDHTA KA NAAM
928, Foodcan Afghan Abjosh Munakka (Big Aabjosh Raisins | A Grade | with Seeds) 400g ,800,299,None,None,FOODCAN
929," Marwar GurJaggery 1 Kg (Gud Cubes, Chemical Free, Organic, No Preservatives Added), Whole Gur Cube Pack (1KG) ",300,199,None,None,MARWAR
930, Nutraj Raisins / Kishmish 500 g ,299,155,None,None,NUTRAJ
931, Kitchen Jungle Seedless Dates ( Pin Khajoor) -[ Premium Quality] [ Hygienically Vaccum Packed] ,299,199,None,None,KITCHEN JUNGLE
932, BLK Foods Select Seedless Tamarind (Imli without beej) 500g (2 blocks in 1 pack) ,350,183,None,None,BLK FOODS
933, natural n Tasty Afghani Anjeer Figs Afghanistan Dry Anjir Dried Figs Dry Fruits (500 Grams) ,"1,679.00",499,None,None,NATURAL N TASTY
934, Pitambari Ruchiyana Jaggery Powder 500 gm - pack of 2 ,170,150,None,None,PITAMBARI
935, NEXTSTEP ORGANIC Best Quality Raw Peanut | Mungfali dana (Whole) 100g ,350,129,None,None,NEXTSTEP ORGANIC
936, Special Choice Cashew Combo Crunch (Cashew Roasted n Salted & Cashew Tingy Tangy Masala) 100g x 2 ,540,275,None,None,SPECIAL CHOICE
937, Aeroplane 10kg Sulphurless Sugar (5kgx2) ,700,499,None,( 49.90/1 kg),AEROPLANE BRAND
938, BLK Foods Select Seedless Tamarind (Imli without beej) 1Kg (4 Wrapped blocks in 1 pack) ,600,272,None,None,BLK FOODS
939, Dr. Brand Jaggery Powder 500 g ,70,59,None,None,DR. BRAND
940, Ching's Secret Chowmein Hakka Noodles Masala 100 g ,60,49,None,( 49.00/100 g),CHING'S SECRET
941, ANMOL ROYAL 26 Kg Premium Steam Sona Masoori Rice ,"1,560.00","1,560.00",None,( 60.00/1 kg),ANMOL
942, Kinsfolk Extra Virgin Olive Oil - 5 Ltr PET ,"4,999.00","1,793.00",None,None,KINSFOLK
943, Catch Meat Masala 100 g ,90,45,None,( 45.00/100 g),CATCH
944," Elephant Brand Hathi Mustard Oil - Ideal for cooking food, pickles, massages | 1L x 16 Bulk Pack ","5,200.00","5,200.00",None,( 325.00/1 l),HATHI BRAND
945, Suhana Paneer Makhanwala Spice Mix 50 g ,45,36,None,None,SUHANA
946, Pyramid Traders 1KG White Broken Walnut Kernels ,"2,000.00",745,None,None,PYRAMID TRADERS
947, Anjali Gingelly/Sesame Oil 5 Litre Can With 1 Litre Free ,"2,750.00","2,200.00",None,None,ANJALI
948," Mr.Nuttz Dry Fruits Combo Pack-Almonds, Pistachios & Raisins 150g (Badam, Pista & Kishmish) 50g each ",305,195,None,None,MR.NUTTZ
949, Pusht Organic Mix Dal - 1Kg ,256,164,None,None,PUSHT ORGANIC
950, MEEWA 1 KG PREMIUM WALNUT KASHMIRI AKHROT GIRI | QUARTER KERNELS | BEST QUALITY| VACCUM PACKED ,"3,000.00",675,None,None,MEEWA
951," GO KITCHEN Premium California Walnuts Without Shell, Akhrot Giri Walnut Kernels High in Protein & Iron|Low Calorie Walnut, 200gm ","1,126.00",591,None,None,GO KITCHEN
952, Brij gwala Bihari ji Pure Desi Ghee| | Pure Ghee for Better Digestion and Immunity-1 ltr tetra-1 ,580,399,None,None,BRIJ GWALA
953, Chef Urbano Himalayan Pink Salt 2 X 1 kg ,450,350,None,None,CHEF URBANO
954, VOC Mart Premium Imported Black Dates 1 Kg | Pind Khajoor | Lowest Price | Best Quality ,599,399,None,None,VOC MART
955," CROWN RICE, Daily Basmati Rice, Broken Rice, Double Polished 100% Natural Basmati Rice , 5 KG ",575,575,None,None,CROWN RICE
956, BA Dryfruits and Spices Premium Dry Afghani Anjeer/Figs 250 g Jar ,525,225,None,None,BA DRYFRUITS AND SPICES
957, Kesari Saffron Threads 0.5 g ,209,104,None,None,KESARI
958, Qualinut | Diwali Gift Box | Elegant Red | Premium Quality ,750,697,None,None,QUALINUT GOURMET
959, Nutrovally Chia Seeds For Eating | High In Fiber & Calcium Rich | Premium & Authentic Diet Superfood | Gluten Free Chia Seeds 125gm ,149,149,None,None,NUTROVALLY
960, Saffola Total Pro Heart Concious RiceBran Based Blended Oil 1 L ,200,185,None,None,SAFFOLA
961, Everest Kasuri Methi 25 g ,30,27,None,None,EVEREST
962, RENTIO Super Desi Toor Dal 5kg | Fresh Tur/Arhar Dal ,"1,550.00","1,239.00",None,None,RENTIO
963, Rajbhog Plain Makhana 250 g ,300,249,None,None,RAJBHOG
964, Tata Sampann Poha| High In Fibre| Flattened Rice| Healthy Breakfast| 1 Kg Each | Pack of 2 | 2 Kg ,349,349,None,None,TATA SAMPANN
965," FARMUP Toor Dal Unpolished, High Protein Sortex Clean, (Arhar Dal, 400g Pack of 1) ",449,239,None,None,FARMUP
966, Guinea Filtered Pure Groundnut Oil 1 L ,255,219,None,None,GUINEA
967, BLK Foods Daily 1Kg Munnaka / Munakka / Abjosh / Golden Raisin (with seed) 1000g (5 X 200g) ,"1,750.00",569,None,None,BLK FOODS
968, RRO Primio Refined Groundnut Oil 5 L ,"1,250.00","1,109.00",None,( 221.80/1 l),RRO
969, Samrat Refined MP Wheat Flour / Maida 1 kg ,76,48,None,None,SAMRAT
970, Suhana Ambari Kanda Lasun Masala 200 g ,73,65,None,( 32.50/100 g),SUHANA
971," House of Veda Organic Mustard Oil 1l , Cold Pressed Mustard Oil for Cooking , Healthy Mustard Oil, No Trans Fats ",399,284,None,None,HOUSE OF VEDA
972, Heaven's purity Premium quality anjeer 500 gram ,425,298,None,None,HEAVEN'S PURITY
973, Double Horse Palakkadan Matta Rice | Single Boiled Rice | Traditional Matta Rice | (5kg) ,599,582,None,None,DOUBLE HORSE
974, Pink Delight Pure & Natural Jaggery | Organic Gur| Purest Form Of Gur| Brown Gur| 900 Gm Pack ,400,249,None,None,PINK DELIGHT
975," DailyHerbs 100% Natural Mix Dry Fruits 500gm with Almonds| Cashew| Black Raisins| Apricot | Healthy Gift Hamper for Every Occasion Fresh and Healthy Dry Fruits, Seeds & Nuts. ",799,329,None,None,DAILYHERBS
976, Kashmir Exotics Organic Kashmiri Mamra Almond Kernels 400 G ,925,589,None,None,KASHMIR EXOTICS
977," FARMUP Moong Dal Unpolished, High Protein Sortex Clean, (Mung Bean, 400g Pack of 1) ",399,199,None,None,FARMUP
978, NAVJEEVAN CINNAMON STICKS 400g (200g X 2) ,280,159,None,None,NAVJEEVAN
979, Gemini Vanaspati 500 ml ,108,63,None,None,GEMINI
980, Catch Black Salt Sprinkler 200 g ,45,43,None,None,CATCH
981, Rajabhogam Ponni Boiled Rice 5Kg ,"1,100.00",467,None,None,RAMAJEYAM PREMIUM RICE
982, Pansari Great Taste and Pure Aroma | Long Grain Basmati Rice - 10 KG ,"2,600.00","1,549.00",None,None,PANSARI
983, Mr. Nuttz 100% Natural Premium California Almonds Badam 500 g ,950,449,None,None,MR.NUTTZ
984, Marwar Watermelon Seeds (Magaj| Melon Kernels| Tarboj Beej Magaj Machine Cleaned) 400g ,800,449,None,None,MARWAR
985," Jumbo Dried Apricots Organic (Khumani, Khurmani, Khurbani, Jardalu, Prunu) High Quality (Grade - Big Size) 1 kg ",999,391,None,None,FRESHOCARTZ
986, Gulab Kolhapuri Premium Jaggery 900gm ,349,285,None,None,GULAB
987, Madhav's 1 Kg Plain Cashew Nuts (500 gmX2)Kaju ,"1,100.00",639,None,None,MADHAV'S
988," Nut Toppers Premium Arabian Dates, 400 g ",250,148,None,None,NUT TOPPERS
989, Natureland Organics Toor Dal 1 Kg - Pack of 2 ,590,501,None,None,NATURELAND ORGANICS
990, Sundrop Heart Ricebran Based Blended Oil 1 L ,200,185,None,None,SUNDROP
991, Mirchillion 500gm Guntur Red Chilli Whole with stem - Saver Pack ,375,355,None,( 710.00/1 kg),MIRCHILLION
992, AL-ZAMEENDAR - Premium Whole Cashew | 1 KG |Whole Kaju ,"1,058.00",688,None,None,AL-ZAMEENDAR
993, BLK Foods Select Gond Katira Tragacanth Gum Crystals (Edible Gum) 250g ,400,173,None,None,BLK FOODS
994, Daily Nut Raisin Value 500gm (250gm x pack of 2) ,240,202,None,None,LALI BALAJI
995, Marwar Spices 3 kg Combo Red Chilly (Lal Mirch) Powder + Coriander (Dhania)+ Turmeric (Haldi) Powder 1 kg Pack (Super Saver Spices Combo) Agmark Certified Total 3 Kgs ,"1,200.00",649,None,None,MARWAR
996," Vale Of Kashmir Walnuts Without Shell Brown Kernels 1 Kg (500 x2), Akhrot Kernels Giri ","1,499.00",779,None,None,VALE OF KASHMIR
997," Havoc Nuts Premium Unsalted Pistachio Kernels Crunchy Pista Kernals Without Shell Sada Pista Dry Fruit, Shelled Nuts Super Crunchy & Delicious Healthy Snack | Vitamins & Minerals Rich (Jar Pack 500 gm) ","1,799.00",854,None,None,HAVOC NUTS
998," Hanumakkhya Mix (DryFruits Seeds&Berries) 1kg Cashews, Raisins, Almonds, Pistachios, Cranberries ",799,480,None,None,HANUMAKKHYA DRY FRUITS
999, Yoagbar 500g Green Raisins | Premium Seedless Green Raisins | Kishmish | Nutritious| Rich in Iron ,375,249,None,None,YOGABAR
1000, Goshudh Desi Khand 500 g Sugar ,399,150,None,None,GOSHUDH
1001, Pick N Cook Regular Kabuli Chana 500 g ,147,135,None,None,PICK N COOK
1002, Nutri Binge 500g Vitals Whole Cashews W320 ,775,395,None,None,NUTRI BINGE
1003, Good Life Sharmili Rajma 1 kg ,108,108,None,None,GOOD LIFE
1004, 41 foods Dry fruits combo pack of Pistachios Almonds Cashews | Kaju Badam Pista ( 150GM X 3 ) 450 GM ,"1,599.00",516,None,None,41 FOODS
1005, Suhana Sambar Masala 100 g ,79,39,None,( 39.00/100 g),SUHANA
